skill,count,source,reason,suggested_canonical
大規模製造業,852,案件,親canonical不明（要松野確認）,
自動車業界,852,案件,親canonical不明（要松野確認）,
PG,686,案件,親canonical不明（要松野確認）,
情報処理安全確保支援士,673,案件,親canonical不明（要松野確認）,
SC周りのFDS/CS品質チェック,670,案件,親canonical不明（要松野確認）,
英語読み書き経験,670,案件,親canonical不明（要松野確認）,
企業におけるBCP策定経験,670,案件,親canonical不明（要松野確認）,
IAM,658,案件,親canonical不明（要松野確認）,
Amazon Redshift,657,案件,親canonical不明（要松野確認）,
バッチ作成,646,案件,親canonical不明（要松野確認）,
技術検討,632,案件,親canonical不明（要松野確認）,
WBS統制,632,案件,親canonical不明（要松野確認）,
進捗管理·課題管理·ベンダーコントロール,632,案件,曖昧語/非技術の可能性,
手順書未整備環境での実務経験,610,案件,親canonical不明（要松野確認）,
新横浜,521,案件,親canonical不明（要松野確認）,
クライアントワークの経験,494,案件,親canonical不明（要松野確認）,
webシステム開発の上流~下流工程のご経験をお持ちの方,457,案件,親canonical不明（要松野確認）,
ベンダーコントロール経験,423,案件,親canonical不明（要松野確認）,
課題管理経験,419,案件,曖昧語/非技術の可能性,
EC領域,418,案件,親canonical不明（要松野確認）,
拠点常駐での現地対応経験,418,案件,親canonical不明（要松野確認）,
スケジュール管理経験,418,案件,親canonical不明（要松野確認）,
主体的に課題解決を行いながら開発を推進できる,326,案件,親canonical不明（要松野確認）,
システム運用保守,248,案件,親canonical不明（要松野確認）,
運用ツールの作成・開発実務経験,246,案件,親canonical不明（要松野確認）,
システム開発PJにおいて,205,案件,親canonical不明（要松野確認）,
ラキール出身,200,案件,親canonical不明（要松野確認）,
ラキール製品知見,200,案件,親canonical不明（要松野確認）,
Kernel/OSSの知識,182,案件,親canonical不明（要松野確認）,
Debianの知識,182,案件,親canonical不明（要松野確認）,
モデル実装・評価,162,案件,親canonical不明（要松野確認）,
と考えられる。,157,案件,親canonical不明（要松野確認）,
なスキルについて-------------------------------------------------,157,案件,親canonical不明（要松野確認）,
なインプット情報の精査,138,案件,親canonical不明（要松野確認）,
リーダー経験能動的に動け,138,案件,曖昧語/非技術の可能性,
管理,138,案件,親canonical不明（要松野確認）,
東京海上IBMホスト,130,案件,親canonical不明（要松野確認）,
影響調査・分析経験,126,案件,親canonical不明（要松野確認）,
技術調査結果のドキュメント作成経験,126,案件,親canonical不明（要松野確認）,
一般工具,126,案件,親canonical不明（要松野確認）,
社内ユーザー対応,126,案件,親canonical不明（要松野確認）,
主体的にキャッチアップできる方,126,案件,親canonical不明（要松野確認）,
トラブルシュート経験,125,案件,親canonical不明（要松野確認）,
システム管理業務経験,110,案件,親canonical不明（要松野確認）,
運用管理経験,110,案件,親canonical不明（要松野確認）,
に対する経験有無,103,案件,親canonical不明（要松野確認）,
稼働実績の有無,103,案件,親canonical不明（要松野確認）,
Infor M3,96,案件,親canonical不明（要松野確認）,
コードレビュー経験,86,案件,親canonical不明（要松野確認）,
試験,76,案件,親canonical不明（要松野確認）,
自発的に動ける方,73,案件,親canonical不明（要松野確認）,
期間   :2026年7月~,72,案件,親canonical不明（要松野確認）,
明るい方募集,72,案件,親canonical不明（要松野確認）,
開発が一人称問題ない方,72,案件,親canonical不明（要松野確認）,
。英語が必須スキル。7月または8月からの開始。,71,案件,親canonical不明（要松野確認）,
appsflyer,71,案件,親canonical不明（要松野確認）,
criteo)の知識も求められる。,71,案件,親canonical不明（要松野確認）,
。解析ツール(adjust,71,案件,親canonical不明（要松野確認）,
purviewの実装経験が必要,71,案件,親canonical不明（要松野確認）,
運用案件。entra id,71,案件,親canonical不明（要松野確認）,
上位直案件,71,案件,親canonical不明（要松野確認）,
。常駐案件。,71,案件,親canonical不明（要松野確認）,
長期延長可能性あり,71,案件,親canonical不明（要松野確認）,
SNS,69,案件,親canonical不明（要松野確認）,
な人は面談2回の想定,67,案件,親canonical不明（要松野確認）,
マーケティング,67,案件,親canonical不明（要松野確認）,
itサービス,65,案件,親canonical不明（要松野確認）,
ハードウェア知識,59,案件,親canonical不明（要松野確認）,
M365管理運用,58,案件,親canonical不明（要松野確認）,
商品企画,58,案件,親canonical不明（要松野確認）,
UX,58,案件,親canonical不明（要松野確認）,
Web広告における運用またはプランニング経験,58,案件,親canonical不明（要松野確認）,
顧客課題を深掘りし本質的な対話ができるコンサルティング力,58,案件,親canonical不明（要松野確認）,
PdM,58,案件,親canonical不明（要松野確認）,
ゲーム,58,案件,親canonical不明（要松野確認）,
IoT,58,案件,親canonical不明（要松野確認）,
マーケティングコンサル,58,案件,親canonical不明（要松野確認）,
データドリブンマーケター,58,案件,親canonical不明（要松野確認）,
ECサイト運営,56,案件,親canonical不明（要松野確認）,
ITコンサルティング,56,案件,親canonical不明（要松野確認）,
IT分離,56,案件,親canonical不明（要松野確認）,
交渉力,56,案件,親canonical不明（要松野確認）,
NWの基本知識,54,案件,親canonical不明（要松野確認）,
ハードウェア修理,52,案件,親canonical不明（要松野確認）,
メンテナンス,52,案件,親canonical不明（要松野確認）,
ACOS-4,52,案件,親canonical不明（要松野確認）,
acos-4の起動,52,案件,親canonical不明（要松野確認）,
コマンド操作,52,案件,親canonical不明（要松野確認）,
起動・停止操作,52,案件,親canonical不明（要松野確認）,
当事者意識,47,案件,親canonical不明（要松野確認）,
8月~,32,案件,親canonical不明（要松野確認）,
勝どき,32,案件,親canonical不明（要松野確認）,
運行管理システム開発,32,案件,親canonical不明（要松野確認）,
Web アプリケーション開発,24,案件,親canonical不明（要松野確認）,
公共データ連携基盤開発,24,案件,親canonical不明（要松野確認）,
即日,18,案件,親canonical不明（要松野確認）,
hr業界,17,案件,親canonical不明（要松野確認）,
70~75万,16,案件,親canonical不明（要松野確認）,
東日本橋,16,案件,親canonical不明（要松野確認）,
データ分析,11,案件,親canonical不明（要松野確認）,
顧客折衝経験,8,案件,OOVレポート101位以降,
勤怠良い,8,案件,OOVレポート101位以降,
英語力,7,案件,OOVレポート101位以降,
障害対応,7,案件,OOVレポート101位以降,
人物,7,案件,OOVレポート101位以降,
勤怠,7,案件,OOVレポート101位以降,
対企業との折衝経験,6,案件,OOVレポート101位以降,
データ移行／データ整備の実務経験,6,案件,OOVレポート101位以降,
評価データ活用経験,6,案件,OOVレポート101位以降,
HRTech,6,案件,OOVレポート101位以降,
医療・介護領域,6,案件,OOVレポート101位以降,
マーケットプレイス領域,6,案件,OOVレポート101位以降,
0→1フェーズやMVP開発,6,案件,OOVレポート101位以降,
常駐可能,6,案件,OOVレポート101位以降,
コミュニケーションスキル,6,案件,OOVレポート101位以降,
男性,6,案件,OOVレポート101位以降,
英語,6,案件,OOVレポート101位以降,
電話対応,5,案件,OOVレポート101位以降,
リリース工程,5,案件,OOVレポート101位以降,
ビルドツール,5,案件,OOVレポート101位以降,
インサイドセールス,4,案件,OOVレポート101位以降,
テレアポ,4,案件,OOVレポート101位以降,
コードレビュー,4,案件,OOVレポート101位以降,
チーム開発,4,案件,OOVレポート101位以降,
データ集計,4,案件,OOVレポート101位以降,
CSIRT,4,案件,OOVレポート101位以降,
長期参画,4,案件,OOVレポート101位以降,
JCL,4,案件,OOVレポート101位以降,
RDS,4,案件,OOVレポート101位以降,
自走,4,案件,OOVレポート101位以降,
調整能力,4,案件,OOVレポート101位以降,
VB,4,案件,OOVレポート101位以降,
金融,4,案件,OOVレポート101位以降,
システム運用,4,案件,OOVレポート101位以降,
若手,4,案件,OOVレポート101位以降,
技術支援,3,案件,OOVレポート101位以降,
フルフレックス,3,案件,OOVレポート101位以降,
動画編集,3,案件,OOVレポート101位以降,
プロダクトマネージャー,3,案件,OOVレポート101位以降,
プロダクトのKPIを伸ばした経験,3,案件,OOVレポート101位以降,
自身でプロダクトを作った経験,3,案件,OOVレポート101位以降,
スピード感を持って仮説検証を回せる,3,案件,OOVレポート101位以降,
プロダクトや事業全体を俯瞰して考えられる,3,案件,OOVレポート101位以降,
変化や不確実性を前向きに捉え、学びながら進める,3,案件,OOVレポート101位以降,
情報を自ら取りに行き、自律的に課題を解決,3,案件,OOVレポート101位以降,
デザイン,3,案件,OOVレポート101位以降,
SA,3,案件,OOVレポート101位以降,
自動化運用,3,案件,OOVレポート101位以降,
バージョンアップのプロジェクト管理,3,案件,OOVレポート101位以降,
ディレクター経験,3,案件,OOVレポート101位以降,
リードプランナー経験,3,案件,OOVレポート101位以降,
Webシステム／アプリ開発実務経験,3,案件,OOVレポート101位以降,
大規模システム立ち上げ・リプレイス経験,3,案件,OOVレポート101位以降,
不動産業界知見,3,案件,OOVレポート101位以降,
B2B業務支援システム開発,3,案件,OOVレポート101位以降,
システム開発実装知識,3,案件,OOVレポート101位以降,
TCA,3,案件,OOVレポート101位以降,
テックリード,3,案件,OOVレポート101位以降,
商談管理,3,案件,OOVレポート101位以降,
顧客管理,3,案件,OOVレポート101位以降,
レガシーシステムのリファクタリング経験,3,案件,OOVレポート101位以降,
OS／ミドルウェアEOL対応経験,3,案件,OOVレポート101位以降,
OS／ミドルウェアのEOL対応やバージョンアップの実務経験,3,案件,OOVレポート101位以降,
オンプレ環境のリプレース／刷新経験,3,案件,OOVレポート101位以降,
OpenID Connect,3,案件,OOVレポート101位以降,
JWT,3,案件,OOVレポート101位以降,
Bicep,3,案件,OOVレポート101位以降,
ARMテンプレート,3,案件,OOVレポート101位以降,
ビジネスインテリジェンス,3,案件,OOVレポート101位以降,
分析結果のレポーテング,3,案件,OOVレポート101位以降,
コミュ力高い方,3,案件,OOVレポート101位以降,
女性,3,案件,OOVレポート101位以降,
SVN,3,案件,OOVレポート101位以降,
ゲームUI,3,案件,OOVレポート101位以降,
Heroku,3,案件,OOVレポート101位以降,
オンプレの運用保守,3,案件,OOVレポート101位以降,
スピード感のある対応,3,案件,OOVレポート101位以降,
自分の担当外に関心を持ち対話できる,3,案件,OOVレポート101位以降,
大規模システムの開発・刷新経験,3,案件,OOVレポート101位以降,
コンサルティング,3,案件,OOVレポート101位以降,
CISSP,3,案件,OOVレポート101位以降,
CISM,3,案件,OOVレポート101位以降,
日本語力,3,案件,OOVレポート101位以降,
財務,3,案件,OOVレポート101位以降,
法務,3,案件,OOVレポート101位以降,
人事,3,案件,OOVレポート101位以降,
ITコンサルタント,3,案件,OOVレポート101位以降,
夜勤含む3交代制,3,案件,OOVレポート101位以降,
JD NET/NHIの経験,3,案件,OOVレポート101位以降,
EDIの経験,3,案件,OOVレポート101位以降,
製薬業でのIT経験,3,案件,OOVレポート101位以降,
リーダーもしくはサブリーダー経験,3,案件,OOVレポート101位以降,
メーカーへの問合せ対応経験,3,案件,OOVレポート101位以降,
顧客向け説明資料作成経験,3,案件,OOVレポート101位以降,
SAM,3,案件,OOVレポート101位以降,
標準カスタマイズ経験,3,案件,OOVレポート101位以降,
Apex,3,案件,OOVレポート101位以降,
LWC開発,3,案件,OOVレポート101位以降,
顧客折衝スキル,3,案件,OOVレポート101位以降,
Webアプリケーションの開発実務経験,3,案件,OOVレポート101位以降,
CodeIgniter,3,案件,OOVレポート101位以降,
要件整理,3,案件,OOVレポート101位以降,
BGPルーティングの知識,3,案件,OOVレポート101位以降,
ダイナミックVLAN,3,案件,OOVレポート101位以降,
VRRP,3,案件,OOVレポート101位以降,
LAG,3,案件,OOVレポート101位以降,
製造業システムの知識,3,案件,OOVレポート101位以降,
即日入場可能,3,案件,OOVレポート101位以降,
BIツール（ThoughtSpot）のダッシュボード化経験,3,案件,OOVレポート101位以降,
SpotlQの知見,3,案件,OOVレポート101位以降,
業務改善／DX推進の経験,3,案件,OOVレポート101位以降,
システム導入／選定の経験,3,案件,OOVレポート101位以降,
経理システムに関する知見,3,案件,OOVレポート101位以降,
FlexGrid,3,案件,OOVレポート101位以降,
Microsoft Teams,3,案件,OOVレポート101位以降,
自主性,3,案件,OOVレポート101位以降,
移行計画書執筆経験,3,案件,OOVレポート101位以降,
ドキュメントレビュー経験,3,案件,OOVレポート101位以降,
官公庁案件の参画経験,3,案件,OOVレポート101位以降,
カスタマーサポート,3,案件,OOVレポート101位以降,
PCスキル,3,案件,OOVレポート101位以降,
ITに関する基礎知識,3,案件,OOVレポート101位以降,
大規模プロジェクト経験,3,案件,OOVレポート101位以降,
小売業知見,3,案件,OOVレポート101位以降,
一般的な基幹系システムの知見,3,案件,OOVレポート101位以降,
販売管理,3,案件,OOVレポート101位以降,
物流管理,3,案件,OOVレポート101位以降,
需給管理,3,案件,OOVレポート101位以降,
顧客問い合わせ対応・障害調査経験,3,案件,OOVレポート101位以降,
既存システムの調査／影響分析経験,3,案件,OOVレポート101位以降,
長期保守案件での対応経験,3,案件,OOVレポート101位以降,
大手町へ通勤可能,3,案件,OOVレポート101位以降,
NWに関する知見,3,案件,OOVレポート101位以降,
Anritsuシミュレータ操作経験,3,案件,OOVレポート101位以降,
他チームとの折衝経験,3,案件,OOVレポート101位以降,
進捗管理／チームマネジメント経験,3,案件,OOVレポート101位以降,
ラボでの業務経験,3,案件,OOVレポート101位以降,
Nest.js,3,案件,OOVレポート101位以降,
官公庁,3,案件,OOVレポート101位以降,
製造業,3,案件,OOVレポート101位以降,
法改正や税制改正等に伴う既存システムの改修,3,案件,OOVレポート101位以降,
NTT回線やその他回線系の業務経験,3,案件,OOVレポート101位以降,
PDF,3,案件,OOVレポート101位以降,
Teams,3,案件,OOVレポート101位以降,
Outlook,3,案件,OOVレポート101位以降,
日本語能力,3,案件,OOVレポート101位以降,
教材の登録作業,3,案件,OOVレポート101位以降,
教材の内容確認,3,案件,OOVレポート101位以降,
修正,3,案件,OOVレポート101位以降,
画像編集,3,案件,OOVレポート101位以降,
進捗報告,3,案件,OOVレポート101位以降,
主体的なリード経験,3,案件,OOVレポート101位以降,
Microsoft Defender,3,案件,OOVレポート101位以降,
ソースコードレビュー,3,案件,OOVレポート101位以降,
諸々の管理ができる方,3,案件,OOVレポート101位以降,
コミュニケーション良好な方,3,案件,OOVレポート101位以降,
顧客対応,3,案件,OOVレポート101位以降,
パッチ適用,3,案件,OOVレポート101位以降,
RAG,3,案件,OOVレポート101位以降,
Meta広告,3,案件,OOVレポート101位以降,
金融関連プロジェクト,3,案件,OOVレポート101位以降,
会議ファシリテーション,3,案件,OOVレポート101位以降,
面談1回,3,案件,OOVレポート101位以降,
オブジェクト指向,3,案件,OOVレポート101位以降,
未経験,2,案件,OOVレポート101位以降,
PC事務経験,2,案件,OOVレポート101位以降,
正確性,2,案件,OOVレポート101位以降,
問題解決能力,2,案件,OOVレポート101位以降,
ユーザ寄り添って能動的に動ける,2,案件,OOVレポート101位以降,
)」に〇×をください,2,案件,OOVレポート101位以降,
進捗管理を担う即戦力エンジニア募集,2,案件,OOVレポート101位以降,
同一の現場で継続して2年以上の勤務経験,2,案件,OOVレポート101位以降,
モバイルゲームの1年以上のバージョンアップ開発進行管理経験,2,案件,OOVレポート101位以降,
開発の企画書・仕様書の作成経験,2,案件,OOVレポート101位以降,
ゲーム全般が好きでやりこんでいる方,2,案件,OOVレポート101位以降,
モバイルゲームをやりこんでいる方,2,案件,OOVレポート101位以降,
モバイルゲームを”もっと面白くしたい”と考えられている方,2,案件,OOVレポート101位以降,
概要の指示で作業の意図の把握ができ、自走が可能な方,2,案件,OOVレポート101位以降,
共同作業に際し、対人折衝能力があり、サービス精神の旺盛な方,2,案件,OOVレポート101位以降,
自ら作業を進め、チームを円滑にし、プロジェクトを完成に導くために主体的に行動できる方,2,案件,OOVレポート101位以降,
担当するタイトルのプレイを意欲的・継続的に行える方,2,案件,OOVレポート101位以降,
ワイヤーフレーム作成,2,案件,OOVレポート101位以降,
プロジェクト推進経験,2,案件,OOVレポート101位以降,
徹底した顧客視点,2,案件,OOVレポート101位以降,
課題解決力,2,案件,OOVレポート101位以降,
ステークホルダー巻き込み力,2,案件,OOVレポート101位以降,
運用をベースに改善・最適化に主体的に取り組める方,2,案件,OOVレポート101位以降,
レガシー環境の課題整理や標準化に前向きな方,2,案件,OOVレポート101位以降,
属人化した運用の整理・仕組み化に興味がある方,2,案件,OOVレポート101位以降,
長期的にサービス運用に関わり、継続的な改善を行える方,2,案件,OOVレポート101位以降,
関係者と連携しながら現実的な改善を進められる方,2,案件,OOVレポート101位以降,
アジャイル開発の経験,2,案件,OOVレポート101位以降,
問題定義力,2,案件,OOVレポート101位以降,
ソーシャルゲーム,2,案件,OOVレポート101位以降,
OSS,2,案件,OOVレポート101位以降,
現行システムの業務仕様理解,2,案件,OOVレポート101位以降,
長期就業,2,案件,OOVレポート101位以降,
アジャイル、スクラム開発のご経験,2,案件,OOVレポート101位以降,
スマホアプリ開発のご経験,2,案件,OOVレポート101位以降,
長期プロジェクト（2年以上）の経験,2,案件,OOVレポート101位以降,
BCP対応に関する経験,2,案件,OOVレポート101位以降,
仕様に関する調査や、各種照会への対応業務,2,案件,OOVレポート101位以降,
自走できるシニアレベルの技術力,2,案件,OOVレポート101位以降,
長期で参画できる方,2,案件,OOVレポート101位以降,
コールセンターのアウトバウンド,2,案件,OOVレポート101位以降,
フィールドセールスの経験,2,案件,OOVレポート101位以降,
Webフロントエンド開発,2,案件,OOVレポート101位以降,
ユーザー体験に真摯に向き合い、チームと協力して価値を届けたい,2,案件,OOVレポート101位以降,
幅広いスキル,2,案件,OOVレポート101位以降,
中長期の視野,2,案件,OOVレポート101位以降,
チーム成果重視,2,案件,OOVレポート101位以降,
事業会社人格,2,案件,OOVレポート101位以降,
能動的な推進,2,案件,OOVレポート101位以降,
toC向けプロダクト開発,2,案件,OOVレポート101位以降,
自ら現場を調査し提案するマインド,2,案件,OOVレポート101位以降,
接客,2,案件,OOVレポート101位以降,
カウンセリング,2,案件,OOVレポート101位以降,
フロントエンド技術選定,2,案件,OOVレポート101位以降,
Zoom,2,案件,OOVレポート101位以降,
NIST CSF,2,案件,OOVレポート101位以降,
ISO27001,2,案件,OOVレポート101位以降,
PJ管理業務,2,案件,OOVレポート101位以降,
負荷分散,2,案件,OOVレポート101位以降,
過去に同一顧客（MS＆AD）での開発,2,案件,OOVレポート101位以降,
社員支援の経験,2,案件,OOVレポート101位以降,
コミュニケーションが良好で自走ができる方,2,案件,OOVレポート101位以降,
課題、問題点の整理・取りまとめや資料作成、関係者との調整,2,案件,OOVレポート101位以降,
顧客にかわって報告業務,2,案件,OOVレポート101位以降,
Next,2,案件,OOVレポート101位以降,
業務要件整理,2,案件,OOVレポート101位以降,
キャッチアップ能力,2,案件,OOVレポート101位以降,
エンド直案件,2,案件,OOVレポート101位以降,
フロントエンド開発,2,案件,OOVレポート101位以降,
プロジェクト推進,2,案件,OOVレポート101位以降,
リファクタリング,2,案件,OOVレポート101位以降,
リード,2,案件,OOVレポート101位以降,
"ToDo,課題管理の推進",2,案件,OOVレポート101位以降,
CrowdStrike,2,案件,OOVレポート101位以降,
積極性,2,案件,OOVレポート101位以降,
Z/OS,2,案件,OOVレポート101位以降,
IBM,2,案件,OOVレポート101位以降,
CPU,2,案件,OOVレポート101位以降,
基盤更改,2,案件,OOVレポート101位以降,
VBScript,2,案件,OOVレポート101位以降,
ASP,2,案件,OOVレポート101位以降,
作業理解力,2,案件,OOVレポート101位以降,
基地局系の経験,2,案件,OOVレポート101位以降,
ヒューマンスキル,2,案件,OOVレポート101位以降,
受け身では無く、能動的に動ける方,2,案件,OOVレポート101位以降,
調査,2,案件,OOVレポート101位以降,
40代までを希望,2,案件,OOVレポート101位以降,
AJS,2,案件,OOVレポート101位以降,
人物、勤怠良い,2,案件,OOVレポート101位以降,
導入,2,案件,OOVレポート101位以降,
サポート,2,案件,OOVレポート101位以降,
事務,2,案件,OOVレポート101位以降,
Webマーケティング,2,案件,OOVレポート101位以降,
IBM Cloud,2,案件,OOVレポート101位以降,
円滑なコミュニケーション能力,2,案件,OOVレポート101位以降,
アーキテクト,2,案件,OOVレポート101位以降,
レビュー経験,2,案件,OOVレポート101位以降,
IM-BloomMaker,2,案件,OOVレポート101位以降,
Purview,2,案件,OOVレポート101位以降,
リスティング広告,2,案件,OOVレポート101位以降,
証券知識,2,案件,OOVレポート101位以降,
育成,2,案件,OOVレポート101位以降,
コーチング,2,案件,OOVレポート101位以降,
システム更改または移行PJ経験,2,案件,OOVレポート101位以降,
進捗管理経験,2,案件,OOVレポート101位以降,
データ管理,2,案件,OOVレポート101位以降,
拡張性,2,案件,OOVレポート101位以降,
コミュニケーション良好,2,案件,OOVレポート101位以降,
関係者へのヒアリング経験,2,案件,OOVレポート101位以降,
上流,2,案件,OOVレポート101位以降,
Symfony,2,案件,OOVレポート101位以降,
WPF,2,案件,OOVレポート101位以降,
X広告,2,案件,OOVレポート101位以降,
TikTok広告,2,案件,OOVレポート101位以降,
LINE広告,2,案件,OOVレポート101位以降,
Criteo,2,案件,OOVレポート101位以降,
Adjust,2,案件,OOVレポート101位以降,
AppsFlyer,2,案件,OOVレポート101位以降,
情シス,2,案件,OOVレポート101位以降,
購買管理システム,2,案件,OOVレポート101位以降,
細かい作業や取りまとめが苦じゃない方,2,案件,OOVレポート101位以降,
Microsoft Fabric,2,案件,OOVレポート101位以降,
オントロジー,2,案件,OOVレポート101位以降,
ナレッジグラフ,2,案件,OOVレポート101位以降,
Qt5,2,案件,OOVレポート101位以降,
Qt6,2,案件,OOVレポート101位以降,
の実績について,2,案件,OOVレポート101位以降,
エンド直,2,案件,OOVレポート101位以降,
3回,2,案件,OOVレポート101位以降,
長期で対応を頂ける方,2,案件,OOVレポート101位以降,
設定,2,案件,OOVレポート101位以降,
pmo補佐,2,案件,OOVレポート101位以降,
勤怠が安定しており,1,案件,OOVレポート101位以降,
常駐が問題ないこと,1,案件,OOVレポート101位以降,
公認会計士,1,案件,OOVレポート101位以降,
アウトバウンド,1,案件,OOVレポート101位以降,
フィールドセールス,1,案件,OOVレポート101位以降,
ユーザー体験に真摯に向き合い、チームと協力して価値を届ける,1,案件,OOVレポート101位以降,
幅広く,1,案件,OOVレポート101位以降,
中長期の視野を持てる,1,案件,OOVレポート101位以降,
toC向けプロダクト,1,案件,OOVレポート101位以降,
合意形成,1,案件,OOVレポート101位以降,
折衝,1,案件,OOVレポート101位以降,
フレームワーク,1,案件,OOVレポート101位以降,
業務知識,1,案件,OOVレポート101位以降,
主体的に業務を推進,1,案件,OOVレポート101位以降,
FW使用経験,1,案件,OOVレポート101位以降,
20代～30代を希望,1,案件,OOVレポート101位以降,
女性が好ましい,1,案件,OOVレポート101位以降,
PoC/プロトタイプ開発,1,案件,OOVレポート101位以降,
業務理解,1,案件,OOVレポート101位以降,
車の運転が可能な方,1,案件,OOVレポート101位以降,
キャッチアップ能力が高い方,1,案件,OOVレポート101位以降,
ユーザーサポート,1,案件,OOVレポート101位以降,
現場直案件,1,案件,OOVレポート101位以降,
現場での継続勤務経験,1,案件,OOVレポート101位以降,
企画書・仕様書作成経験,1,案件,OOVレポート101位以降,
UAT仕様書作成,1,案件,OOVレポート101位以降,
大手企業との折衝・アカウントマネジメント経験,1,案件,OOVレポート101位以降,
大規模プロジェクトにおけるマネジメント／PO経験,1,案件,OOVレポート101位以降,
多様な関係者との合意形成・ブリッジスキル,1,案件,OOVレポート101位以降,
50〜100名規模の大規模組織における開発プロセス改善経験,1,案件,OOVレポート101位以降,
技術力だけでなく、相手の立場を尊重し、論理的に合意形成できる方,1,案件,OOVレポート101位以降,
指示待ちではなく、自ら課題を発見し、主体的にプロジェクトを推進できる方,1,案件,OOVレポート101位以降,
厳しい要望に対しても感情的にならず、誠実かつ粘り強く対話できる方,1,案件,OOVレポート101位以降,
経営層からITリテラシーの高くない現場層まで、相手の目線に合わせて説明できる方,1,案件,OOVレポート101位以降,
施術サポート,1,案件,OOVレポート101位以降,
予約管理,1,案件,OOVレポート101位以降,
経験豊富なベテランエンジニア希望,1,案件,OOVレポート101位以降,
負荷試験計画,1,案件,OOVレポート101位以降,
解析,1,案件,OOVレポート101位以降,
改善提案,1,案件,OOVレポート101位以降,
Webシステム開発の経験,1,案件,OOVレポート101位以降,
Xamarin,1,案件,OOVレポート101位以降,
現行システムの業務仕様理解ができる方,1,案件,OOVレポート101位以降,
長期就業前提,1,案件,OOVレポート101位以降,
Pytest,1,案件,OOVレポート101位以降,
スクラム,1,案件,OOVレポート101位以降,
要件ヒアリング,1,案件,OOVレポート101位以降,
CodePipeline,1,案件,OOVレポート101位以降,
CodeCommit,1,案件,OOVレポート101位以降,
スマホアプリ開発,1,案件,OOVレポート101位以降,
長期プロジェクトの経験,1,案件,OOVレポート101位以降,
BCP対応経験,1,案件,OOVレポート101位以降,
ハードウェア障害対応,1,案件,OOVレポート101位以降,
性能監視,1,案件,OOVレポート101位以降,
Webアプリ開発,1,案件,OOVレポート101位以降,
バッチアプリ開発,1,案件,OOVレポート101位以降,
Webアプリ,1,案件,OOVレポート101位以降,
車の運転,1,案件,OOVレポート101位以降,
商流制限,1,案件,OOVレポート101位以降,
個人事業主,1,案件,OOVレポート101位以降,
急募案件,1,案件,OOVレポート101位以降,
rds,1,案件,OOVレポート101位以降,
kvsのチューニング経験,1,案件,OOVレポート101位以降,
ecs,1,案件,OOVレポート101位以降,
sidekiq,1,案件,OOVレポート101位以降,
ビッグデータ,1,案件,OOVレポート101位以降,
BIツール,1,案件,OOVレポート101位以降,
能動的に仕事に取り組む,1,案件,OOVレポート101位以降,
バッチアプリケーション,1,案件,OOVレポート101位以降,
主体的に推進,1,案件,OOVレポート101位以降,
本番移行,1,案件,OOVレポート101位以降,
自走できる,1,案件,OOVレポート101位以降,
シニアレベル,1,案件,OOVレポート101位以降,
車の運転可能,1,案件,OOVレポート101位以降,
ベンダーコントロールの経験,1,案件,OOVレポート101位以降,
メンバーマネジメントの経験,1,案件,OOVレポート101位以降,
IBMホストのアーキテクチャの知識,1,案件,OOVレポート101位以降,
Yii2,1,案件,OOVレポート101位以降,
Yii3,1,案件,OOVレポート101位以降,
ToDo管理,1,案件,OOVレポート101位以降,
インシデント原因の特定,1,案件,OOVレポート101位以降,
レポート作成,1,案件,OOVレポート101位以降,
リーダー/サブリーダー等でメンバー管理,1,案件,OOVレポート101位以降,
ドキュメント作成能力,1,案件,OOVレポート101位以降,
業務手順の移行支援,1,案件,OOVレポート101位以降,
クライアントPCのキッティング,1,案件,OOVレポート101位以降,
システム移行計画書作成,1,案件,OOVレポート101位以降,
ITリード,1,案件,OOVレポート101位以降,
生保業務経験,1,案件,OOVレポート101位以降,
プロダクトオーナー経験,1,案件,OOVレポート101位以降,
スクラム方式,1,案件,OOVレポート101位以降,
コンサルタント,1,案件,OOVレポート101位以降,
リリース,1,案件,OOVレポート101位以降,
調査分析作業経験,1,案件,OOVレポート101位以降,
商流,1,案件,OOVレポート101位以降,
ルネサス製マイコン,1,案件,OOVレポート101位以降,
英語での読み書きが可能,1,案件,OOVレポート101位以降,
製薬業界案件への参画経験,1,案件,OOVレポート101位以降,
英語での日常会話が可能な方,1,案件,OOVレポート101位以降,
全共連のシステムに詳しいまたは全共連の案件参画実績がある方,1,案件,OOVレポート101位以降,
生命保険業界知識,1,案件,OOVレポート101位以降,
Honoの知見,1,案件,OOVレポート101位以降,
Prismaの知見,1,案件,OOVレポート101位以降,
ITサポート経験 2年以上,1,案件,OOVレポート101位以降,
PCトラブル対応経験,1,案件,OOVレポート101位以降,
クラシックASP,1,案件,OOVレポート101位以降,
軽微な改修,1,案件,OOVレポート101位以降,
長期,1,案件,OOVレポート101位以降,
保守作業,1,案件,OOVレポート101位以降,
開発作業,1,案件,OOVレポート101位以降,
JSF,1,案件,OOVレポート101位以降,
PrimeFaces,1,案件,OOVレポート101位以降,
光回線設置業務,1,案件,OOVレポート101位以降,
長期継続可能な方を希望,1,案件,OOVレポート101位以降,
基地局経験者,1,案件,OOVレポート101位以降,
事務経験者,1,案件,OOVレポート101位以降,
クライアント向け要件整理の経験,1,案件,OOVレポート101位以降,
オフショア管理経験,1,案件,OOVレポート101位以降,
フルスタック開発,1,案件,OOVレポート101位以降,
運用自動化,1,案件,OOVレポート101位以降,
英語対応,1,案件,OOVレポート101位以降,
jquery,1,案件,OOVレポート101位以降,
Qtest,1,案件,OOVレポート101位以降,
TeamViewer,1,案件,OOVレポート101位以降,
Rufus,1,案件,OOVレポート101位以降,
Teraterm,1,案件,OOVレポート101位以降,
AD設定,1,案件,OOVレポート101位以降,
Notes,1,案件,OOVレポート101位以降,
整理能力,1,案件,OOVレポート101位以降,
健康保険組合や国民健康保険など社会保険に関する業務知識,1,案件,OOVレポート101位以降,
社会保険に関する業務知識,1,案件,OOVレポート101位以降,
高額医療費制度,1,案件,OOVレポート101位以降,
医療費控除,1,案件,OOVレポート101位以降,
configの読み書きが出来る方,1,案件,OOVレポート101位以降,
能動的に動け,1,案件,OOVレポート101位以降,
気配りができ、些細な事でも気付ける方,1,案件,OOVレポート101位以降,
気配り,1,案件,OOVレポート101位以降,
能動的に動ける,1,案件,OOVレポート101位以降,
ITIL資格,1,案件,OOVレポート101位以降,
向上心,1,案件,OOVレポート101位以降,
能動的に動ける方,1,案件,OOVレポート101位以降,
クレジットカード業務の知見,1,案件,OOVレポート101位以降,
システム移行経験者,1,案件,OOVレポート101位以降,
指示を待たずに自主的に動ける,1,案件,OOVレポート101位以降,
401K,1,案件,OOVレポート101位以降,
Mapper,1,案件,OOVレポート101位以降,
JDE,1,案件,OOVレポート101位以降,
債権債務(AR/AP)モジュール導入経験,1,案件,OOVレポート101位以降,
建設業務知見,1,案件,OOVレポート101位以降,
ERPパッケージ(会計領域)導入経験,1,案件,OOVレポート101位以降,
文書作成,1,案件,OOVレポート101位以降,
検査,1,案件,OOVレポート101位以降,
コミュ力,1,案件,OOVレポート101位以降,
uCosminexus,1,案件,OOVレポート101位以降,
IM,1,案件,OOVレポート101位以降,
OpenTP1,1,案件,OOVレポート101位以降,
レビューがある,1,案件,OOVレポート101位以降,
お話上手い,1,案件,OOVレポート101位以降,
有線/無線LAN,1,案件,OOVレポート101位以降,
ルータ/スイッチ設定,1,案件,OOVレポート101位以降,
構成資料作成,1,案件,OOVレポート101位以降,
LAN経験,1,案件,OOVレポート101位以降,
PC問合せ対応,1,案件,OOVレポート101位以降,
医療系PJ経験,1,案件,OOVレポート101位以降,
Web広告運用,1,案件,OOVレポート101位以降,
副業,1,案件,OOVレポート101位以降,
業務改善,1,案件,OOVレポート101位以降,
DX推進,1,案件,OOVレポート101位以降,
社員代替,1,案件,OOVレポート101位以降,
生保業界,1,案件,OOVレポート101位以降,
元請け直案件,1,案件,OOVレポート101位以降,
脆弱性修正,1,案件,OOVレポート101位以降,
24時間365日対応,1,案件,OOVレポート101位以降,
特殊勤務,1,案件,OOVレポート101位以降,
クレジットカード,1,案件,OOVレポート101位以降,
リーダー層,1,案件,OOVレポート101位以降,
行動力,1,案件,OOVレポート101位以降,
OutSystems,1,案件,OOVレポート101位以降,
複数募集,1,案件,OOVレポート101位以降,
運輸・航空業界のシステム,1,案件,OOVレポート101位以降,
LangGraph,1,案件,OOVレポート101位以降,
Webクローラー,1,案件,OOVレポート101位以降,
LangSmith Studio,1,案件,OOVレポート101位以降,
日本語テキスト処理,1,案件,OOVレポート101位以降,
レビュー業務,1,案件,OOVレポート101位以降,
上流経験,1,案件,OOVレポート101位以降,
mattermost,1,案件,OOVレポート101位以降,
timeleaf,1,案件,OOVレポート101位以降,
短期の経歴が続いていない方,1,案件,OOVレポート101位以降,
IT経歴3年以上,1,案件,OOVレポート101位以降,
英会話得意,1,案件,OOVレポート101位以降,
外国語,1,案件,OOVレポート101位以降,
WebPerformer,1,案件,OOVレポート101位以降,
コミュニケーションを積極的に取れる方,1,案件,OOVレポート101位以降,
課題や不明点をすぐにエスカレーションできる方,1,案件,OOVレポート101位以降,
マイグレーション,1,案件,OOVレポート101位以降,
Automation360,1,案件,OOVレポート101位以降,
PowerAutomate for Desktop,1,案件,OOVレポート101位以降,
batファイル,1,案件,OOVレポート101位以降,
体調,1,案件,OOVレポート101位以降,
IT業界経験5年以上,1,案件,OOVレポート101位以降,
自走できる方,1,案件,OOVレポート101位以降,
コミュニケーションが得意な方,1,案件,OOVレポート101位以降,
開発ディレクター,1,案件,OOVレポート101位以降,
コンサル,1,案件,OOVレポート101位以降,
分析,1,案件,OOVレポート101位以降,
保守開発支援,1,案件,OOVレポート101位以降,
IM-LogicDesinger,1,案件,OOVレポート101位以降,
VM,1,案件,OOVレポート101位以降,
MW,1,案件,OOVレポート101位以降,
夜勤シフトOK,1,案件,OOVレポート101位以降,
顧客社内システムの保守開発,1,案件,OOVレポート101位以降,
ELT,1,案件,OOVレポート101位以降,
アジャイル開発のPO,1,案件,OOVレポート101位以降,
CWS,1,案件,OOVレポート101位以降,
1人称で作業できる方,1,案件,OOVレポート101位以降,
自ら仮説を立てて社内外で提案活動ができること,1,案件,OOVレポート101位以降,
エンタープライズ企業への提案、折衝経験,1,案件,OOVレポート101位以降,
要求分析,1,案件,OOVレポート101位以降,
制御系の経験,1,案件,OOVレポート101位以降,
体調に問題ない方,1,案件,OOVレポート101位以降,
ブランクなど間が空いていない方,1,案件,OOVレポート101位以降,
複数名稼働実績あり,1,案件,OOVレポート101位以降,
ディスプレイ広告,1,案件,OOVレポート101位以降,
VPC,1,案件,OOVレポート101位以降,
ECS,1,案件,OOVレポート101位以降,
オブザーバビリティ,1,案件,OOVレポート101位以降,
ナレッジ作成,1,案件,OOVレポート101位以降,
問題解決力,1,案件,OOVレポート101位以降,
推進力,1,案件,OOVレポート101位以降,
豊富な経験,1,案件,OOVレポート101位以降,
コントロールできる範囲,1,案件,OOVレポート101位以降,
問い合わせに対して主体的に調査、回答まで対応できる方,1,案件,OOVレポート101位以降,
Webアプリ開発5年以上の経験,1,案件,OOVレポート101位以降,
リリース作業経験,1,案件,OOVレポート101位以降,
手順書・チェックリスト遵守,1,案件,OOVレポート101位以降,
エスカレーション,1,案件,OOVレポート101位以降,
積極的な行動,1,案件,OOVレポート101位以降,
μITRON,1,案件,OOVレポート101位以降,
QNX,1,案件,OOVレポート101位以降,
Subversion,1,案件,OOVレポート101位以降,
Tera Term,1,案件,OOVレポート101位以降,
Okta,1,案件,OOVレポート101位以降,
TERASOLUNA,1,案件,OOVレポート101位以降,
宇宙,1,案件,OOVレポート101位以降,
適応力,1,案件,OOVレポート101位以降,
自己解決能力,1,案件,OOVレポート101位以降,
システム開発プロジェクトにおける管理経験,1,案件,OOVレポート101位以降,
移行（切替）対応経験,1,案件,OOVレポート101位以降,
マイグレーションプロジェクト参画経験,1,案件,OOVレポート101位以降,
主体的に課題抽出および推進,1,案件,OOVレポート101位以降,
プロジェクト全体を俯瞰して業務を進められる,1,案件,OOVレポート101位以降,
障害調査,1,案件,OOVレポート101位以降,
影響調査,1,案件,OOVレポート101位以降,
改修,1,案件,OOVレポート101位以降,
負荷が高まっている状況,1,案件,OOVレポート101位以降,
付与機能の追加,1,案件,OOVレポート101位以降,
バックアップ,1,案件,OOVレポート101位以降,
印字機能の改修,1,案件,OOVレポート101位以降,
画面の改修,1,案件,OOVレポート101位以降,
IBMなどのテクニカルDoc,1,案件,OOVレポート101位以降,
リーダーの補佐,1,案件,OOVレポート101位以降,
言語不問,1,案件,OOVレポート101位以降,
関連業界（流通・小売など）のドメイン知識,1,案件,OOVレポート101位以降,
若手募集,1,案件,OOVレポート101位以降,
9月開始予定,1,案件,OOVレポート101位以降,
貴社所属まで,1,案件,OOVレポート101位以降,
個人事業主不可,1,案件,OOVレポート101位以降,
英語会話,1,案件,OOVレポート101位以降,
スキル見合い,1,案件,OOVレポート101位以降,
icmp,1,案件,OOVレポート101位以降,
IT知識,1,案件,OOVレポート101位以降,
表計算,1,案件,OOVレポート101位以降,
ツール作成,1,案件,OOVレポート101位以降,
即日参画可能,1,案件,OOVレポート101位以降,
改善・提案,1,案件,OOVレポート101位以降,
柔軟性,1,案件,OOVレポート101位以降,
チャレンジ精神,1,案件,OOVレポート101位以降,
ユーザー視点,1,案件,OOVレポート101位以降,
チーム連携,1,案件,OOVレポート101位以降,
環境適応,1,案件,OOVレポート101位以降,
ライセンス管理,1,案件,OOVレポート101位以降,
Snowpipeや外部ステージを用いたデータ取り込み自動化の経験,1,案件,OOVレポート101位以降,
ソフトウェア,1,案件,OOVレポート101位以降,
広告代理店でのジュニアレイヤー以上のご活躍実績,1,案件,OOVレポート101位以降,
医療・人材・金融など特定業界における深いマーケティング知見,1,案件,OOVレポート101位以降,
新規事業やサービスの立ち上げ経験,1,案件,OOVレポート101位以降,
Adobe XD,1,案件,OOVレポート101位以降,
金融業界案件の参画経験,1,案件,OOVレポート101位以降,
コミュニケーションが円滑に取れる方,1,案件,OOVレポート101位以降,
長期で対応可能な方,1,案件,OOVレポート101位以降,
面談上位1回,1,案件,OOVレポート101位以降,
移行経験,1,案件,OOVレポート101位以降,
移行計画,1,案件,OOVレポート101位以降,
経理領域,1,案件,OOVレポート101位以降,
現行システム更改案件経験,1,案件,OOVレポート101位以降,
システム構成把握,1,案件,OOVレポート101位以降,
システム間依存関係整理,1,案件,OOVレポート101位以降,
商品分割・システム分割影響範囲整理,1,案件,OOVレポート101位以降,
調査結果・検討課題ドキュメント化,1,案件,OOVレポート101位以降,
積極的な人,1,案件,OOVレポート101位以降,
保全技師技能士レベルの資格,1,案件,OOVレポート101位以降,
ホイストクレーン操作教育,1,案件,OOVレポート101位以降,
玉掛け,1,案件,OOVレポート101位以降,
元気で明るい人柄,1,案件,OOVレポート101位以降,
契約管理システムの知識,1,案件,OOVレポート101位以降,
コール経験,1,案件,OOVレポート101位以降,
デスクワーク経験,1,案件,OOVレポート101位以降,
人物評価が高い,1,案件,OOVレポート101位以降,
BGP,1,案件,OOVレポート101位以降,
大規模サービス開発,1,案件,OOVレポート101位以降,
開発の業務経験,1,案件,OOVレポート101位以降,
VERINT,1,案件,OOVレポート101位以降,
Amazon Connect,1,案件,OOVレポート101位以降,
PKSHA,1,案件,OOVレポート101位以降,
AmiVoice,1,案件,OOVレポート101位以降,
柔軟な対応,1,案件,OOVレポート101位以降,
CrystalReport,1,案件,OOVレポート101位以降,
金融系システムへの知識,1,案件,OOVレポート101位以降,
コミュニケーションに問題がないこと,1,案件,OOVレポート101位以降,
情報システム部門マネジメント経験,1,案件,OOVレポート101位以降,
ゼロトラスト製品の全社展開経験,1,案件,OOVレポート101位以降,
自走できるスタンス,1,案件,OOVレポート101位以降,
変化や不確実性を楽しむ,1,案件,OOVレポート101位以降,
マイクロサービスアーキテクチャ,1,案件,OOVレポート101位以降,
チームでの開発・レビュー,1,案件,OOVレポート101位以降,
長期的な保守性,1,案件,OOVレポート101位以降,
モデル開発,1,案件,OOVレポート101位以降,
実運用,1,案件,OOVレポート101位以降,
技術的な論点整理,1,案件,OOVレポート101位以降,
実現方式の検討,1,案件,OOVレポート101位以降,
保守性,1,案件,OOVレポート101位以降,
モデルのバージョン管理,1,案件,OOVレポート101位以降,
評価結果の管理,1,案件,OOVレポート101位以降,
リリース判断,1,案件,OOVレポート101位以降,
モデル更新,1,案件,OOVレポート101位以降,
切り戻し,1,案件,OOVレポート101位以降,
性能改善,1,案件,OOVレポート101位以降,
コスト最適化,1,案件,OOVレポート101位以降,
ハードウェア量産タスク経験,1,案件,OOVレポート101位以降,
自作PCやハードウェア機器の自作経験,1,案件,OOVレポート101位以降,
電気回路知識,1,案件,OOVレポート101位以降,
CLUSTERPRO,1,案件,OOVレポート101位以降,
SystemManager,1,案件,OOVレポート101位以降,
コンサルティングファーム経験,1,案件,OOVレポート101位以降,
組織立ち上げ,1,案件,OOVレポート101位以降,
プロセス改善,1,案件,OOVレポート101位以降,
NTTデータ、または富士通のプロジェクトへの参画実績,1,案件,OOVレポート101位以降,
金融機関におけるミッションクリティカルなシステム開発での品質管理経験,1,案件,OOVレポート101位以降,
ロジカルなレポート作成,1,案件,OOVレポート101位以降,
プロジェクトマネジメント,1,案件,OOVレポート101位以降,
Microsoft Entra Connect,1,案件,OOVレポート101位以降,
Microsoft Configuration Manager,1,案件,OOVレポート101位以降,
人事給与業務の知識,1,案件,OOVレポート101位以降,
他のパッケージシステムの経験,1,案件,OOVレポート101位以降,
問い合わせ対応経験,1,案件,OOVレポート101位以降,
IPCOM,1,案件,OOVレポート101位以降,
建設業の引合~受注プロセス,1,案件,OOVレポート101位以降,
受注前後の社内承認,1,案件,OOVレポート101位以降,
工事原価管理,1,案件,OOVレポート101位以降,
調達系業務理解,1,案件,OOVレポート101位以降,
IM-LogicDesigner,1,案件,OOVレポート101位以降,
GAS経験,1,案件,OOVレポート101位以降,
大規模拠点展開（マルチサイト、全国展開）の対応経験,1,案件,OOVレポート101位以降,
ドキュメント作成経験,1,案件,OOVレポート101位以降,
勤怠が安定しており、常駐が問題ないこと,1,案件,OOVレポート101位以降,
清潔感があり、身だしなみに気を使える,1,案件,OOVレポート101位以降,
big-ipを保守等で使った経験,1,案件,OOVレポート101位以降,
CO,1,案件,OOVレポート101位以降,
SD,1,案件,OOVレポート101位以降,
MM,1,案件,OOVレポート101位以降,
コミュ力◎,1,案件,OOVレポート101位以降,
アジャイル開発環境,1,案件,OOVレポート101位以降,
面談1回で即決可能,1,案件,OOVレポート101位以降,
若手可能,1,案件,OOVレポート101位以降,
スクラム開発,1,案件,OOVレポート101位以降,
ITコンサル,1,案件,OOVレポート101位以降,
業務改善支援,1,案件,OOVレポート101位以降,
事業企画,1,案件,OOVレポート101位以降,
半導体,1,案件,OOVレポート101位以降,
webアプリ,1,案件,OOVレポート101位以降,
IT事務,1,案件,OOVレポート101位以降,
現場運用,1,案件,OOVレポート101位以降,
生保システム開発,1,案件,OOVレポート101位以降,
生保知識,1,案件,OOVレポート101位以降,
社内NW,1,案件,OOVレポート101位以降,
情シス運用,1,案件,OOVレポート101位以降,
Wi-Fi,1,案件,OOVレポート101位以降,
GAS,1,案件,OOVレポート101位以降,
GWS,1,案件,OOVレポート101位以降,
GAM,1,案件,OOVレポート101位以降,
テナント統合,1,案件,OOVレポート101位以降,
WinForms,1,案件,OOVレポート101位以降,
WinUI,1,案件,OOVレポート101位以降,
金融系システム,1,案件,OOVレポート101位以降,
Cloud Delivery,1,案件,OOVレポート101位以降,
金融系ミドルウェア置き換え,1,案件,OOVレポート101位以降,
バージョンアップ対応,1,案件,OOVレポート101位以降,
Svelte,1,案件,OOVレポート101位以降,
Dify,1,案件,OOVレポート101位以降,
Ollama,1,案件,OOVレポート101位以降,
仙台市在住者対象,1,案件,OOVレポート101位以降,
アダルトに抵抗のない方,1,案件,OOVレポート101位以降,
リスティング,1,案件,OOVレポート101位以降,
ASA,1,案件,OOVレポート101位以降,
アプリ移行経験,1,案件,OOVレポート101位以降,
システムへの知見,1,案件,OOVレポート101位以降,
何らかのit案件の参画経験,1,案件,OOVレポート101位以降,
商用局でのインテグレーション経験,1,案件,OOVレポート101位以降,
1Call（Attach～VoLTE Call～Detach）シーケンス知識,1,案件,OOVレポート101位以降,
VoLTE関連知識,1,案件,OOVレポート101位以降,
体調面に問題のない方,1,案件,OOVレポート101位以降,
一人称で主体的に対応できる方,1,案件,OOVレポート101位以降,
証券取引システム,1,案件,OOVレポート101位以降,
オープン系言語,1,案件,OOVレポート101位以降,
メンバー,1,案件,OOVレポート101位以降,
報・連・相,1,案件,OOVレポート101位以降,
男性限定,1,案件,OOVレポート101位以降,
判断・相談能力,1,案件,OOVレポート101位以降,
明るい性格,1,案件,OOVレポート101位以降,
公共系,1,案件,OOVレポート101位以降,
マニュアル作成支援,1,案件,OOVレポート101位以降,
製造業基幹システム移行,1,案件,OOVレポート101位以降,
Microsoft,1,案件,OOVレポート101位以降,
通信キャリア,1,案件,OOVレポート101位以降,
DDD,1,案件,OOVレポート101位以降,
クリーンアーキテクチャ,1,案件,OOVレポート101位以降,
リードポジション,1,案件,OOVレポート101位以降,
Teamsを中心としたミーティング運営,1,案件,OOVレポート101位以降,
関係者との折衝・合意形成支援,1,案件,OOVレポート101位以降,
進捗,1,案件,OOVレポート101位以降,
課題管理ドキュメント作成・更新,1,案件,OOVレポート101位以降,
プロジェクト全体を俯瞰した課題対応,1,案件,OOVレポート101位以降,
資料作成能力,1,案件,OOVレポート101位以降,
対人対応力,1,案件,OOVレポート101位以降,
要件を取りまとめ,1,案件,OOVレポート101位以降,
Fixさせた経験,1,案件,OOVレポート101位以降,
PoC経験,1,案件,OOVレポート101位以降,
フットワーク軽く動ける方,1,案件,OOVレポート101位以降,
会計知識,1,案件,OOVレポート101位以降,
柔軟に対応できる方,1,案件,OOVレポート101位以降,
CCNA,1,案件,OOVレポート101位以降,
電子決済サービス向けアプリ開発,1,案件,OOVレポート101位以降,
MS-900,1,案件,OOVレポート101位以降,
M365販売支援,1,案件,OOVレポート101位以降,
経験者,1,案件,OOVレポート101位以降,
Terasoluna,1,案件,OOVレポート101位以降,
Spark,1,案件,OOVレポート101位以降,
Aras,1,案件,OOVレポート101位以降,
カスタマイズ,1,案件,OOVレポート101位以降,
移行プロジェクト,1,案件,OOVレポート101位以降,
プレイングマネージャー,1,案件,OOVレポート101位以降,
チームマネジメント,1,案件,OOVレポート101位以降,
Webフロントエンド,1,案件,OOVレポート101位以降,
工事会社や関係者との折衝経験,1,案件,OOVレポート101位以降,
土日祝を含む24時間365日シフト対応,1,案件,OOVレポート101位以降,
LAN,1,案件,OOVレポート101位以降,
光回線工事の知見,1,案件,OOVレポート101位以降,
実装の実務経験,1,案件,OOVレポート101位以降,
HAモニタ経験,1,案件,OOVレポート101位以降,
大規模基盤更改案件経験,1,案件,OOVレポート101位以降,
レビュー,1,案件,OOVレポート101位以降,
オフショア開発管理,1,案件,OOVレポート101位以降,
製造業向け基幹システムの改修,1,案件,OOVレポート101位以降,
中級者向け,1,案件,OOVレポート101位以降,
NW機器複数製品,1,案件,OOVレポート101位以降,
上級者,1,案件,OOVレポート101位以降,
マネジメント経験,1,案件,OOVレポート101位以降,
端末キッティング経験,1,案件,OOVレポート101位以降,
キッティング経験必須,1,案件,OOVレポート101位以降,
RedShift,1,案件,OOVレポート101位以降,
生命保険の業務知識,1,案件,OOVレポート101位以降,
リーダーやサブリーダー経験,1,案件,OOVレポート101位以降,
コミュニケーション面問題ない方,1,案件,OOVレポート101位以降,
待ちの姿勢ではなく能動的に作業が出来る方,1,案件,OOVレポート101位以降,
トランスフォームの実務経験,1,案件,OOVレポート101位以降,
3年以上,1,案件,OOVレポート101位以降,
ssmsのスキルが活かせる案件。常駐可能な方。,1,案件,OOVレポート101位以降,
。現場評価,1,案件,OOVレポート101位以降,
SOX監査,1,案件,OOVレポート101位以降,
データガバナンスの策定経験,1,案件,OOVレポート101位以降,
システムや運用基盤への実装経験,1,案件,OOVレポート101位以降,
応用機能領域の理解,1,案件,OOVレポート101位以降,
メタデータ管理,1,案件,OOVレポート101位以降,
データ品質管理の実装経験,1,案件,OOVレポート101位以降,
Microsoft Purviewを活用したガバナンス実装経験,1,案件,OOVレポート101位以降,
Policy as Code等を活用したガバナンス自動化経験,1,案件,OOVレポート101位以降,
アクセス制御やデータリネージ管理の知見,1,案件,OOVレポート101位以降,
データマネジメント関連プロジェクト参画経験,1,案件,OOVレポート101位以降,
ドキュメント作成だけでなく実装まで主体的に対応できる方,1,案件,OOVレポート101位以降,
ガバナンスとシステムの両面から課題を考えられる方,1,案件,OOVレポート101位以降,
品質や統制を意識しながら改善提案ができる方,1,案件,OOVレポート101位以降,
オントロジー基盤,1,案件,OOVレポート101位以降,
統合ポータル,1,案件,OOVレポート101位以降,
システム実装経験,1,案件,OOVレポート101位以降,
テックリード連携,1,案件,OOVレポート101位以降,
セマンティックレイヤー,1,案件,OOVレポート101位以降,
技術的な課題解決,1,案件,OOVレポート101位以降,
高品質実装,1,案件,OOVレポート101位以降,
主体的開発,1,案件,OOVレポート101位以降,
新技術チャレンジ,1,案件,OOVレポート101位以降,
セマンティック検索の実装経験,1,案件,OOVレポート101位以降,
チームとの連携,1,案件,OOVレポート101位以降,
の項目に対して,1,案件,OOVレポート101位以降,
新しいサービスに対して意欲的に取り組める,1,案件,OOVレポート101位以降,
推進支援,1,案件,OOVレポート101位以降,
ストアド,1,案件,OOVレポート101位以降,
オペレーション,1,案件,OOVレポート101位以降,
6月中旬~@芝公園 週2,1,案件,OOVレポート101位以降,
outsystems,1,案件,OOVレポート101位以降,
~120万!,1,案件,OOVレポート101位以降,
です!,1,案件,OOVレポート101位以降,
Qt Widgets,1,案件,OOVレポート101位以降,
仙台市在住,1,案件,OOVレポート101位以降,
トリリンガル,1,案件,OOVレポート101位以降,
面談設定済み,1,案件,OOVレポート101位以降,
人柄,1,案件,OOVレポート101位以降,
経験10年以上,1,案件,OOVレポート101位以降,
リーダー対応,1,案件,OOVレポート101位以降,
PaaS,1,案件,OOVレポート101位以降,
AKS,1,案件,OOVレポート101位以降,
AppGW,1,案件,OOVレポート101位以降,
LB,1,案件,OOVレポート101位以降,
ER,1,案件,OOVレポート101位以降,
ER-GW,1,案件,OOVレポート101位以降,
PE,1,案件,OOVレポート101位以降,
運用周りは,1,案件,OOVレポート101位以降,
ACR,1,案件,OOVレポート101位以降,
Cアプリ,1,案件,OOVレポート101位以降,
CORBA通信,1,案件,OOVレポート101位以降,
BIG-IP,1,案件,OOVレポート101位以降,
SSL,1,案件,OOVレポート101位以降,
いたします。,1,案件,OOVレポート101位以降,
alteryx,1,案件,OOVレポート101位以降,
に〇×をつけていただけますと幸いです。,1,案件,OOVレポート101位以降,
につきまして,1,案件,OOVレポート101位以降,
に〇×△で回答と,1,案件,OOVレポート101位以降,
横断的な,1,案件,OOVレポート101位以降,
フルスタック対応,1,案件,OOVレポート101位以降,
Outsystems,1,案件,OOVレポート101位以降,
実装支援,1,案件,OOVレポート101位以降,
上流から一気通貫,1,案件,OOVレポート101位以降,
M365のサポート経験,1,案件,OOVレポート101位以降,
情シス経験,1,案件,OOVレポート101位以降,
LAN経験者,1,案件,OOVレポート101位以降,
ロースキル,1,案件,OOVレポート101位以降,
基盤系の運用管理業務,1,案件,OOVレポート101位以降,
業務改善経験,1,案件,OOVレポート101位以降,
比較的単純で機械的な作業が多くなるため、このような業務にでも積極的に取り組める方,1,案件,OOVレポート101位以降,
3年以上の経験者,1,案件,OOVレポート101位以降,
フロント開発,1,案件,OOVレポート101位以降,
積極的に業務へ取り組める方,1,案件,OOVレポート101位以降,
SDK連携,1,案件,OOVレポート101位以降,
Cloud Run,1,案件,OOVレポート101位以降,
Dataflow,1,案件,OOVレポート101位以降,
Datastore,1,案件,OOVレポート101位以降,
男性対象,1,案件,OOVレポート101位以降,
即日開始,1,案件,OOVレポート101位以降,
リーダー枠,1,案件,OOVレポート101位以降,
アプリ移行経験者,1,案件,OOVレポート101位以降,
6月,1,案件,OOVレポート101位以降,
お取引先様各位,1,案件,OOVレポート101位以降,
組込製品の検証経験,1,案件,OOVレポート101位以降,
虎ノ門,1,案件,OOVレポート101位以降,
どの項目にフィットしているか,1,案件,OOVレポート101位以降,
ピボットテーブル,1,案件,OOVレポート101位以降,
ミャンマー,1,案件,OOVレポート101位以降,
企画,1,案件,OOVレポート101位以降,
大森駅,1,案件,OOVレポート101位以降,
VPN,1,案件,OOVレポート101位以降,
検証,1,案件,OOVレポート101位以降,
検証経験,1,案件,OOVレポート101位以降,
PowerApps,1,案件,OOVレポート101位以降,
モデル駆動型アプリ,1,案件,OOVレポート101位以降,
YAMAHA,1,案件,OOVレポート101位以降,
csh,1,案件,OOVレポート101位以降,
向ヶ丘遊園駅,1,案件,OOVレポート101位以降,
Sansan,1,案件,OOVレポート101位以降,
RemoteCall Agent,1,案件,OOVレポート101位以降,
CLOMO MDM,1,案件,OOVレポート101位以降,
CLOMO PANEL,1,案件,OOVレポート101位以降,
館林駅,1,案件,OOVレポート101位以降,
WMS(物流系システム)経験,1,案件,OOVレポート101位以降,
wms経験,1,案件,OOVレポート101位以降,
MDM,1,案件,OOVレポート101位以降,
Web画面開発,1,案件,OOVレポート101位以降,
案件管理補佐経験1年以上,1,案件,OOVレポート101位以降,
組込み開発,1,案件,OOVレポート101位以降,
vi,1,案件,OOVレポート101位以降,
eucツール,1,案件,OOVレポート101位以降,
Web管理ツール操作経験,1,案件,OOVレポート101位以降,
操作経験,1,案件,OOVレポート101位以降,
マネジメント,1,案件,OOVレポート101位以降,
pmo経験あり,1,案件,OOVレポート101位以降,
カメラパラメータ,1,案件,OOVレポート101位以降,
大門,1,案件,OOVレポート101位以降,
浜松町,1,案件,OOVレポート101位以降,
芝公園,1,案件,OOVレポート101位以降,
cad開発,1,案件,OOVレポート101位以降,
サポート実務経験,1,案件,OOVレポート101位以降,
FortiAnalyzer操作,1,案件,OOVレポート101位以降,
経理会計業務知識,1,案件,OOVレポート101位以降,
固定資産管理業務知識,1,案件,OOVレポート101位以降,
報連相,1,案件,OOVレポート101位以降,
勤怠管理,1,案件,OOVレポート101位以降,
オブジェクト指向言語,1,案件,OOVレポート101位以降,
オンプレ環境での実機操作経験,1,案件,OOVレポート101位以降,
IBMホスト,1,案件,OOVレポート101位以降,
CICS,1,案件,OOVレポート101位以降,
bmsマップの知見,1,案件,OOVレポート101位以降,
ibmホスト環境でのオンライン保守,1,案件,OOVレポート101位以降,
バージョンアップ,1,案件,OOVレポート101位以降,
フルスタック,1,案件,OOVレポート101位以降,
