query,url,title,snippet,domain,detail_text,crawl_date
"site:detail.chiebukuro.yahoo.co.jp ""SES営業"" ""インセンティブ""",https://detail.chiebukuro.yahoo.co.jp/qa/question_detail/q10313167915,ses営業は給与が一般営業より低いですか？,ses営業は給与が一般営業より低いですか？,detail.chiebukuro.yahoo.co.jp,"5割が黒字なのに廃業。街の店や会社を守る『他人が継ぐ』選択

Yahoo! JAPANヘルプ
キーワード：
 検索
エアマックス95
	
IDでもっと便利に新規取得
ログイン ［おトク］10％OFFクーポンあります
カテゴリ
Q&A一覧
回答ひろば
お知らせ
質問・相談
知恵袋トップ
カテゴリ一覧
職業とキャリア
労働問題、働き方
労働条件、給与、残業
zky********

zky********さん

2025/4/2 17:09

1回答

ses営業は給与が一般営業より低いですか？


労働条件、給与、残業・181閲覧

共感した
知恵コレ
共有
違反報告
ベストアンサー
ころころりんた

ころころりんたさん

カテゴリマスター

2025/4/2 17:44

あくまで一般論として考えるのならses営業の方が低い傾向にあると思います。
営業職での最も大きな利益の源泉であるインセンティブ給の売上高に対する比率が、一般営業でのそれに比して低いことが最大の原因ではないかと思います。

この回答はいかがでしたか？ リアクションしてみよう

なるほど

0

そうだね

1

ありがとう

0

違反報告
あわせて知りたい
人気の質問

社内SEとして学ぶべき言語を教えて下さい。 零細企業の総務でしたが、前任者の退職に伴い現在はSEを兼任しています。 クライアント端末はWin10、ADサーバ等はWinサーバです。 独学で学び、ある程度広く浅く知識が付いてきてなんとかやっているのですが、 グループポリシーの管理やバッチ処理など、もっと効率的にやれたらなあと感じています。 そこで質問なのですが、グループポリシーでスタートアッ...

プログラミング

体重落ちない理由は肝臓。オナラ多い人実は
haju
広告

休職中の人間が正当な理由なく他の所でバイトなど就労したらどうなるのですか？ ・正社員として会社で雇用契約はあります。 ・もう休職中で2か月音沙汰なく会社を休んでいます ・その間、就労していなくとも収入は発生しているのですか？ ・ずっと家に引きこもっているとは思えない

労働条件、給与、残業

人気の質問

くら寿司でバイトをしています。 給与明細を確認したいのですが、味方が分かりません。どなたか教えていただけませんでしょうか？

アルバイト、フリーター

新卒1年目でも、残業って出来ますか？？ 新入社員は早よ帰れとか言われますか？？

労働条件、給与、残業

中小企業の役員として経理と労務を担当しています。 自社の労働時間と割増賃金の扱いについて確認したく質問します。 当社は正社員（事務職）について、1か月単位の変形労働時間制を採用しています。就業規則にはその旨の規定があり、勤務表は前月までに作成して従業員に通知しています。 勤務時間は基本的に月～金で1日8時間勤務、休憩は合計1時間(+15分)です。加えて、月に1回程度、土曜日に8時間勤務があります。月間の総労働時間を計算すると、週平均40時間以内に収まるような設計になっています。 また、休日は就業規則上「日曜日、祝祭日、その他会社カレンダーで定めた日」となっており、実務上は日曜日を法定休日として扱っています。 前任の者がこれまで長年、時間外労働や休日労働に対する割増賃金を明確に支払ってこなかったのですが、新しく入社した従業員から労働基準法上の割増賃金について指摘を受ける可能性があり、不安があります。 そこで質問です。 1.1か月単位の変形労働時間制が適法に運用されている場合、土曜日勤務について時間外割増が不要となるケースはありますか 2.月間総労働時間が週平均40時間以内に収まっていても、割増賃金が発生する具体的なケースはありますか 3.法定休日（日曜日と想定）の扱いと土曜勤務の割増賃金の整理の仕方を教えてください 4.実務上の運用でよくある注意点や、労務リスクを下げる整理方法があれば知りたいです 法律に詳しくないため、基本的な考え方でも構いませんのでご教示いただけると助かります。

労働条件、給与、残業

宿泊が毎日おトク！
Agoda
広告

時間外労働かも？という案件です。 始業時間が9:30の会社に勤めています。 ボランティアという名目で8:20より掃除の時間があります。 所属部署の長からは参加できない場合は、別途どうしてなのか書類を出すようにと言われました。他の拠点は自由参加のようなのですが、こちらは有無を言わせずに参加が強制されています。 それにもかかわらず、ボランティアだからその時間は勤務時間に含まれないと言われました。(そもそも見込み残業の仕事のため、給与を発生させることが難しいのですが…) この場合は法令違反に当てはまるのでしょうか？ 全社員が参加必須ではないため、法令違反とまではいかないのでしょうか？ 拙い文章ですみません。 ご回答頂けますと幸いです。 よろしくお願いします。

労働条件、給与、残業

タイミーの修正依頼について教えて下さい。30分残業してくださいと言われ残業しました。その店舗はいつも5分前には終了してくれるので5分前にチェックアウトでいつも満額いただけてます。 本日も30分残業のところ5分前に終了しました。 チェックアウト時間は本来の時間+25分でうってます。そこから 「変更があった」から時間の登録にいったのですが 終了時刻を報告する画面で 業務+30分の時刻を入力しようとした所 「まだその時間になってません」とのことで 業務+25分を終了時間として 修正依頼を提出しました。この状態でまだ 承認されてません。このまま 待ってれば 残業30分として処理してくれるのでしょうか？ それとも「修正依頼の再提出」をすれば 業務+30分が選択できるのでしょうか？ よろしくお願いします。

派遣、アルバイト、パート

とんでもない珈琲できた！母40kg台に！
りそうのコーヒー
広告

経理、スタッフが有給休暇を取った場合、20日は普通に出勤、他に2日は有給を使用で月合計22日分の日当を支払いましたが、経理的に、出勤分と有給分を別ける必要ありますか。 例えば青色申告、源泉徴収計算、労働保険料等に関係してきますか。

会計、経理、財務

ボーナスのことで質問です。 今回の夏のボーナスは去年の冬より少しアップしたのですが手取り額は去年の冬のボーナスより減りました。 会社は賃金アップしてくれたのに社会保険料やら税金で手取りは減る。 やる気の出ないこの仕組みモヤモヤするのですが同じような方いますか？

労働条件、給与、残業

人気の質問

会計年度任用職員として採用されているものが無期雇用に転換するとき、待遇としてはどの扱いになるのでしょうか？ ・障害者雇用で会計年度任用職員として採用 ・県の施設で事務補助に従事 ・勤務態度を評価され無期雇用？正規雇用？にしないかと打診があった 正職員と同様の待遇にはなりませんよね？ その場合どういった給与形態となるのでしょうか。 住宅手当や退職金、基本給などどうなるのでしょう。 当事者ではないため、先方に聞くことは出来ません。 そういったことがあったということを又聞きしました。

",2026-07-03
"site:detail.chiebukuro.yahoo.co.jp ""SES営業"" ""インセンティブ""",https://detail.chiebukuro.yahoo.co.jp/qa/question_detail/q14295253104,2社から内定もらっていて、どちらにしようか悩んでいます。 社会人歴3年目の23歳女です。 前職...,2社から内定もらっていて、どちらにしようか悩んでいます。 社会人歴3年目の23歳女です。 前職...,detail.chiebukuro.yahoo.co.jp,,2026-07-03
"site:detail.chiebukuro.yahoo.co.jp ""SES営業"" ""インセンティブ""",https://detail.chiebukuro.yahoo.co.jp/qa/question_detail/q13306374188,助けてください 相談内容は、どうやったらコールセンターの案件から脱出し、開発の業務に携わる時...,助けてください 相談内容は、どうやったらコールセンターの案件から脱出し、開発の業務に携わる時...,detail.chiebukuro.yahoo.co.jp,,2026-07-03
"site:detail.chiebukuro.yahoo.co.jp ""SES営業"" ""インセンティブ""",https://detail.chiebukuro.yahoo.co.jp/qa/question_detail/q13294574708,2社から内定もらっていて、どちらにしようか悩んでいます。 社会人歴3年目の23歳女です。 前職...,2社から内定もらっていて、どちらにしようか悩んでいます。 社会人歴3年目の23歳女です。 前職...,detail.chiebukuro.yahoo.co.jp,,2026-07-03
"site:detail.chiebukuro.yahoo.co.jp ""SES営業"" ""インセンティブ""",https://detail.chiebukuro.yahoo.co.jp/qa/question_detail/q13295681368,IT系への転職についての質問です。 現在、私は美容師５年目で、今の職場の環境は、労働時間11...,IT系への転職についての質問です。 現在、私は美容師５年目で、今の職場の環境は、労働時間11...,detail.chiebukuro.yahoo.co.jp,,2026-07-03
"site:detail.chiebukuro.yahoo.co.jp ""SES営業"" ""インセンティブ""",https://detail.chiebukuro.yahoo.co.jp/qa/question_detail/q10294568295,2社から内定もらっていて、どちらにしようか悩んでいます。 社会人歴3年目の23歳女です。 前職...,2社から内定もらっていて、どちらにしようか悩んでいます。 社会人歴3年目の23歳女です。 前職...,detail.chiebukuro.yahoo.co.jp,,2026-07-03
"site:detail.chiebukuro.yahoo.co.jp ""SES営業"" ""インセンティブ""",https://detail.chiebukuro.yahoo.co.jp/qa/question_detail/q11301607681,今、日本で需要が高まっていながら、人が来ないので、わりと採用されやすい仕事は、介護、運送、飲食...,今、日本で需要が高まっていながら、人が来ないので、わりと採用されやすい仕事は、介護、運送、飲食...,detail.chiebukuro.yahoo.co.jp,,2026-07-03
"site:detail.chiebukuro.yahoo.co.jp ""SES営業"" ""インセンティブ""",https://detail.chiebukuro.yahoo.co.jp/qa/question_detail/q10235846020,無期雇用型派遣社員のOJT負担について 私は新卒で中小SES企業に7年勤めた後、転職し、現在も...,無期雇用型派遣社員のOJT負担について 私は新卒で中小SES企業に7年勤めた後、転職し、現在も...,detail.chiebukuro.yahoo.co.jp,"「LINEヤフー基金」へ名称変更。20周年特設ページ公開中

Yahoo! JAPANヘルプ
キーワード：
 検索
中大兄皇子
	
IDでもっと便利に新規取得
ログイン ボーナスセレクション　人気商品が最大40％
カテゴリ
Q&A一覧
回答ひろば
お知らせ
質問・相談
知恵袋トップ
カテゴリ一覧
ビジネス、経済とお金
企業と経営
企業法務、知的財産

回答受付が終了しました

slp********

slp********さん

2020/12/15 10:37

3回答

無期雇用型派遣社員のOJT負担について
私は新卒で中小SES企業に7年勤めた後、転職し、現在もプログラマーとして、無期雇用型派遣社員(派遣元の正社員が派遣先の指示で仕事をする形態)をしています。
派遣元への勤続は4年目で、30代半ばです。

ここ1-2年で改正派遣法の影響あってか、派遣元の会社が「未経験社員のキャリアアッププランが必要。社員の成長支援に力を入れていく。」と全社的に謳うようになりました。
そして私の所にも自社より「〇〇さん(私)の就業先に新卒を入れたい。〇〇さんがOJTをする前提で就業先に営業をかけるので、入れたら現場で面倒を見る事。断る場合は会社の方針に非協力的、あるいは後続育成スキル不足とみなし、査定に響きかねない。」という趣旨の話がありました。
(新卒も私と同じく弊社の無期雇用型派遣です。よって新卒は私の後輩にあたります。)

ここで疑問に思い、お詳しい方に教えて頂きたいのですが、
就業先での勤務時間中の新人のマネジメント(新人教育や、新卒が書く納品物のレビュー、稼働時間チェックや進捗管理、気持ちのケアも？)は、法律的に私の業務に入るのでしょうか？

少なくとも現在就業先と交わしている就業条件明示書では、「現場での自社社員教育、進捗管理」などは私の業務に明示されていませんでした。
ただ私は派遣元の社員でもあるので、「自社の新人の面倒見るのは業務」と言われればそうなのかと言う気もします。

実は正直な気持ちを申しますと、乗り気ではないです…

・就業先にはマニュアルやノウハウ集約ツール等も無く、新卒はプログラミングも1年目で、どの位書けるのか不明、負担が増えそうだがインセンティブ的な面は満たされなさそう
(派遣先からすると、育つかどうかも分からない新人を入れるメリットは無く、私が派遣元の新人教育をした所で、私の単価up(引いては査定後の給与up)に繋がらない)
・前職で少しプロジェクト管理や教育もやって、上と下の間に挟まれて嫌な思いをし転職した経緯がある

とは言え、誰も面倒見なかった新人が成長してマナーが変だったり、変なコード書いたりするようになっても残念なので、もし「法律的に現場での新人教育も業務」との事でしたら、観念して新人は大事に育てさせて頂きたいと思っています…
案外すぐ即戦力となるかもしれませんし…

よろしくお願いいたします。

企業法務、知的財産 | 派遣・209閲覧

共感した
知恵コレ
共有
違反報告
回答（3件）
並び順を変更する
新しい順
古い順
なるほど順
nee********

nee********さん

2020/12/16 17:55

簡潔に言うと最低のブラック企業です。転職が良い。
マトモに考えるだけ時間無駄ですよ。

新入社員の教育を1社員に丸投げしている時点で終わってますね。

もし質問者様にASCIIコードさえ知らない素人が二名配属されたらどうしますか？
派遣先の業務をこなしながら素人の教育は不可能です。
教育費用は専門学校では月10万くらいは掛かるののではないですか？
専門学校は過去作った教材のストック、引き回しでコストダウンします。
派遣先の業務をこなして人月単価を稼ぎながら新人の教育コストを自腹は普通に論外ですよ。

やるなら、本社の研修教材作成部門に異動して新人のために教科書を会社の費用で作るなら判りますがね。
本社が出来ない教育を派遣社員に押し付ける時点で見込みはないです。

この回答はいかがでしたか？ リアクションしてみよう

なるほど

0

そうだね

0

ありがとう

0

違反報告
Kaffe

Kaffeさん

2020/12/16 7:43

うーん、かなり微妙な問題と思います。というのもあなたの勤務時間は派遣先に「売っている」わけですから、その時間を使って自社の社員のOJTをやるというのは、派遣先にとっては何のメリットもない、迷惑なだけの話です。

そもそも派遣やSESというのは「完成した人材を利用する・してもらう」という建前のシステムです。その人材の研修や教育は、別枠の時間と場所とコストで、派遣会社が自腹を切って行うのが筋です。

あなたの承服しかね度合いにもよりますが、弁護士に相談されても良いかもしれません。

なるほど

0

そうだね

0

ありがとう

0

違反報告
bot********

bot********さん

2020/12/15 22:01

派遣元とあなたの間の問題なので派遣先との派遣契約には関係ない
派遣元の出している就業規定や規約に何も書いてなければあなたに義務はない

ただまあ断ると脅し文句の通りになると思うので
どっちみちリスクはありますかね

なるほど

0

そうだね

0

ありがとう

0

違反報告
あわせて知りたい
人気の質問

初めて派遣社員をやっているのですが、これって普通ですか？(>_<) 入社して3週間経ちます。OJT期間中で、やった仕事は社員にチェックしてもらっています。 初めての業界ということもあり、専門用語など意味不明な状態で入りました。 しかし、OJT担当の社員に質問すると「それ前も言ったけど」と言われたり、ミスを一回してしまった時には「2週間前から分かってないよね？」と大声で言われたり...

派遣

宿泊が毎日おトク！
Agoda
広告
人気の質問

仕事に行きたくなくて悩んでいます。 派遣社員として今の派遣先に入社して約1ヶ月が経ちました。 前職と違い事務に挑戦してみようと思い、現在事務員として働いています。 しかし覚えることが多く、見直しをしてもケアレスミスをしてしまいます。 電話対応でも、電話口で聞かれたことがわからなければ「確認致します、少々お待ちください」と保留にし、教育係の方に確認すると「こっちで対応するからいいわ」と冷...

派遣

97年に京樽が会社更生法の適用を申請していたそうですが、このときはなんで民事再生法じゃなかったんでしょうか？

法律相談

法的倒産手続きのうち、原則として担保権は倒産手続きによらなければ行使できないのは会社更生手続きのみである。 →◯ 会社更生手続きでは別除権は認められていないため、更生担保権は更生手続きの中で処理されます。 という問題と解説を見たんですが、これの意味がほとんど分かりませんでした。 担保権が倒産手続きでできるということは、その前の何という段階では、担保権が行使できないんでしょうか？ ここでいう倒産手続きと更生手続きは、同じ意味なんでしょうか？

法律相談

随伴性は、主債務が債権譲渡等によって",2026-07-03
"site:detail.chiebukuro.yahoo.co.jp ""SES営業"" ""インセンティブ""",https://detail.chiebukuro.yahoo.co.jp/qa/question_detail/q10314136165,Fラン理系の就職先って施工管理が多くないですか？ 特に工学部です。 優秀な人は大手のメーカーと...,Fラン理系の就職先って施工管理が多くないですか？ 特に工学部です。 優秀な人は大手のメーカーと...,detail.chiebukuro.yahoo.co.jp,,2026-07-03
"site:detail.chiebukuro.yahoo.co.jp ""SES営業"" ""インセンティブ""",https://detail.chiebukuro.yahoo.co.jp/qa/question_detail/q13308492093,大学3年生の就職活動について質問です。 来年4月から4年生になる娘が居ます。私の時代と違い、...,大学3年生の就職活動について質問です。 来年4月から4年生になる娘が居ます。私の時代と違い、...,detail.chiebukuro.yahoo.co.jp,,2026-07-03
"site:detail.chiebukuro.yahoo.co.jp ""SES営業"" ""粗利""",https://detail.chiebukuro.yahoo.co.jp/qa/question_detail/q12151843337,年度末に向けて給与アップの依頼を考えております。 現在の600万円から800万円への年俸アップ...,年度末に向けて給与アップの依頼を考えております。 現在の600万円から800万円への年俸アップ...,detail.chiebukuro.yahoo.co.jp,,2026-07-03
"site:detail.chiebukuro.yahoo.co.jp ""SES営業"" ""歩合""",https://detail.chiebukuro.yahoo.co.jp/qa/question_detail/q11216813206,転職エージェントが勧めてくるIT業界のSES求人について 「転職エージェントは比較的採用され...,転職エージェントが勧めてくるIT業界のSES求人について 「転職エージェントは比較的採用され...,detail.chiebukuro.yahoo.co.jp,"なぜカフェで集中できるの？ 集中できる環境のつくり方

Yahoo! JAPANヘルプ
キーワード：
 検索
エアマックス95
	
IDでもっと便利に新規取得
ログイン ボーナスセレクション　人気商品が最大40％
カテゴリ
Q&A一覧
回答ひろば
お知らせ
質問・相談
知恵袋トップ
カテゴリ一覧
職業とキャリア
就職、転職
転職
知恵袋ユーザー

知恵袋ユーザーさん

2019/11/28 8:05

2回答

転職エージェントが勧めてくるIT業界のSES求人について

「転職エージェントは比較的採用されやすいSES求人を勧めてくる」という話を聞きましたが、本当でしょうか？
SESはネットでは悪名高いですよね？
エージェントもSESの実態を知り、求職者が望んでいるようなキャリアアップやスキルアップに繋がらないことを知っていながら、「採用されれば私の実績になる！歩合で私の給料が増える！」みたいな自己都合100％で求職者に「この会社オススメですよ。受けてみましょうよ！」なんて言っているのでしょうか？

仮にそうだとしたらひどくないですか？
…続きを読む

転職 | プログラミング・5,417閲覧・
25

2人が共感しています

共感した
知恵コレ
共有
違反報告
ベストアンサー
log********

log********さん

2019/11/28 9:41

人によりますが、そういった話はよく聞きます。
入社させてナンボの世界なので、派遣系などの未経験者歓迎に押し込めようとする方は多いみたいですね。

まぁ、誰かを助けたいと思ってエージェントになる方は少ないんだと思います。
営業出の人が多いでしょうから、上手く丸め込んでいくのでは無いでしょうか。

空白期間が延びれば、求職者にも不利になりますから、多少は求職者のためというのもゼロでは無いのかもしれません。
なので、自己都合98%といった感じだと思いますよ。
そもそも、他社のことなんて詳しく知らないまま仕事をしていると思われますから、求職者に合った会社を見つけられる人なんていないんじゃないですかね。

エージェントは、単純に募集している企業と求職者の両方の情報を知っているだけの存在だと思います。

ただ、エージェントでも人によりますので、合わない人なら、無理せずに人を変えるのが一番だと思いますよ。

この回答はいかがでしたか？ リアクションしてみよう

なるほど

0

そうだね

1

ありがとう

0

違反報告
質問者からのお礼コメント

自己都合98%は、自分勝手すぎる企業だと思います。。
本当に求職者の気持ちに応えてくれる（求人がないならないとはっきり言ってくれるような）エージェントこそ、商売人として求められる姿だと思ってます。
ご回答ありがとうございます。

お礼日時：2019/12/5 8:56

その他の回答（1件）
並び順を変更する
新しい順
古い順
なるほど順
nan********

nan********さん

カテゴリマスター

2019/11/28 11:10

そりゃ転職希望者の大半が(もちろん私の想像ですが)未経験だけどIT業界に行って高給取りになりたいとか、大したスキルもないくせにキャリアアップしたい！とか、アホみたいなこと言ってる人が多く、採用してくれそうなところが派遣をしている会社くらいしかないからでしょ。

しっかりスキルがあって、それこそエージェントが相手先の会社に100%自信を持って勧めることができる人材なら、喜んで求職者の望みを叶えてくれるでしょう。

なるほど

0

そうだね

0

ありがとう

0

違反報告
知恵袋ユーザー

知恵袋ユーザーさん

質問者2019/11/28 12:12

派遣しかないなら「そのスキルじゃ派遣しかないですね」とはっきり言えばよくないですか？
それなら後腐れなく、誤解を生むこともありません。
まるで「このSES会社最高！」みたいなノリで紹介してくるから悪意が疑われるんだと思うのですが
違反報告
さらに返信を表示（4件）
あわせて知りたい

嫌儲左翼の気持ち悪さって異常じゃない？ あらゆる権力と闘っているつもりだけど、実は自分達が一番権力志向なんだよな。

シニアライフ、シルバーライフ

宿泊が毎日おトク！
Agoda
広告

新卒でSES企業に入社し、転職を考えている１年目の23歳です。 現在配属されている現場ではサーバー監視をしています。 アラートを検知したら手順書通りに作業（実際に行うのはほとんどメール送信）するだけで、エンジニアというよりは事務員のような業務内容に不満を抱いています。 夜勤で16時間ほど業務にあたっていますが、アラートが鳴らなければ一切仕事をせずに帰宅することもあります。実際はセキュ...

転職

人気の質問

私は情報系大学生(3年生)です。 現状、SIerか社内SEのどちらかになろうと思っています。 SIerは上流工程での経験を積むことができ、さまざまなシステムに触れることができ、転職に強いことが利点。 ただ、残業の量が多かったりブラックな業界とよく耳にします。 社内SEは特定のシステムにしか触れないため経験がつめず、転職の幅は狭いかわりに、SIerに比べて労働環境はよいと聞きました。 現状、ど...

就職活動

人気の質問

就職エージェントにIT企業は9割SESって聞いたんですけど本当なんですか？

就職活動

ブルアカって落ち目なんすか？ ブルアカの売り上げが下がってるっていうコメントがいっぱいあって気になりました。 自分的にはまだ持って欲しいですけど…

スマホアプリ

体重落ちない理由は肝臓。オナラ多い人実は
haju
広告
人気の質問

モンハンクロス、今作最強の武器は何だと思いますか！？ 前作はチャアクが間違いなく最強とされてましたがいろいろ実装されて、 チャアク、スラアク、虫は勿論、 双剣、太刀、片手剣、ライトボウガン辺りもかなり強いですよね！ 私は今回はチャアク、虫、ボウガン辺りかなーと思っているんですが、ズバリ！今作最強武器はどれでしょう？

モンスターハンター

人気の質問

オートバックスなどでタイヤの値段は値引き交渉はできるものですか？

カスタマイズ

とんでもない珈琲できた！母40kg台に！
りそうのコーヒー
広告

転職活動中なのですが、求人BOXで応募した企業様から連絡があり、丁度出ることができませんでした。 すぐ折り返そうと思ったのですが留守電にまた改めてかけ直すと入っておりました。この場合逆に折り返すのは失礼に当たりますか？

転職

会社都合で今月末での退職が確定しており、転職エージェントを使って転職活動中です。 何社か応募して面接の日程も決まったのですが、やっぱり直ぐに転職せずに職業訓練校に行くことにしました。 エージェントの方にメールで辞退の旨を連絡で大丈夫ですか？ また、どのような内容で送ればいいか参考程度に教えていただきたいです。

転職

今JR東で車掌をしています。田舎です。転職を考えています。 家の近くの佐川急便に正社員募集中の看板があって元々物流に興味があり学生時",2026-07-03
"site:detail.chiebukuro.yahoo.co.jp ""SES営業"" ""歩合""",https://detail.chiebukuro.yahoo.co.jp/qa/question_detail/q10328201830,理系修士の27卒です。 株式会社ジャストシステムと株式会社NTCという2社から内々定をいただき...,理系修士の27卒です。 株式会社ジャストシステムと株式会社NTCという2社から内々定をいただき...,detail.chiebukuro.yahoo.co.jp,,2026-07-03
"site:detail.chiebukuro.yahoo.co.jp ""SES営業"" ""歩合""",https://detail.chiebukuro.yahoo.co.jp/qa/question_detail/q13258062873,転職してもよいのか迷ってます。 現在SES(派遣会社の正社員としてプログラマ)の仕事をしてい...,転職してもよいのか迷ってます。 現在SES(派遣会社の正社員としてプログラマ)の仕事をしてい...,detail.chiebukuro.yahoo.co.jp,"なぜカフェで集中できるの？ 集中できる環境のつくり方

Yahoo! JAPANヘルプ
キーワード：
 検索
株式会社嵐
	
IDでもっと便利に新規取得
ログイン 初回購入限定、アプリで使えるお得なクーポン
カテゴリ
Q&A一覧
回答ひろば
お知らせ
質問・相談
知恵袋トップ
カテゴリ一覧
職業とキャリア
就職、転職
転職

回答受付が終了しました

mc3********

mc3********さん

2022/3/3 9:02

2回答

転職してもよいのか迷ってます。

現在SES(派遣会社の正社員としてプログラマ)の仕事をしている２９歳です。

自分の経歴は
21歳～23歳→零細企業で営業(安月給、お局の顔色を伺う仕事に嫌気がさして退職)
23歳～27歳→某レンタカー店で接客(手に職をつけたいと思い、退職)
27歳～現在→プログラマ
という一貫性の無い職歴です。

一応、情報系の専門学校卒なのですが適正がないのか、周りの同期と比べて圧倒的に時間がかったり、ミスが多かったり、理解できないことが多かったり、認識を誤ったりしてしまう状況です。

自分なりに対策を立てたり、上司とお話をしたりするのですがそれでもなかなか。

結果、単純作業しか振られなくなってしまいました(画面のスクリーンショットを
ずーーーーっと撮るだけのテスト作業)
給与が安いくらいで人間関係や、休日等の不満は無いのですが....

これまで3回本気で辞めたいと思い、自動車業界志望で、転職活動をしています。しかし、内定をもらえなかったので、ここでだらだらと働いています。

今回もそんなことをしていたら内定を頂きました。
業種は自動車関係(コーティング)の仕事で、プログラマの仕事よりは興味があるし、楽しく働けるのでは？と思っていますが
若干逃げの転職であるのは事実です。
休日が少し減って、給与は基本給プラス歩合で大幅に減額することはないはずです。

こんな転職いいのでしょうか、、

とはいえ、いまの会社にいても出世は望めません。
人間関係の良さや、休日の良さに甘えてぬるま湯につかっているのもこの先不安です。

転職・167閲覧・
100

共感した
知恵コレ
共有
違反報告
回答（2件）
並び順を変更する
新しい順
古い順
なるほど順
kai********

kai********さん

2022/3/3 12:07

転職自体には肯定的です。
転職後の満足感は自分次第ですよ？
なんだかんだと言い訳つけてますが、日本の会社の多くは最初は低賃金です。
そこから能力で篩にかけられていくだけで、収入や待遇の不満は、身から出た錆のようなもの。

問題解決せずにやめる、つまり問題に目を向けず放置している以上は良くならないのは理解して転職してください。

そう思いました。

この回答はいかがでしたか？ リアクションしてみよう

なるほど

0

そうだね

0

ありがとう

0

違反報告
Kaffe

Kaffeさん

2022/3/3 9:37

コーティングって、ガラスコーティングの施工みたいな仕事ですか？

「普通の作業者」をやっている限り収入面で頭打ちなのは一緒なので、高度な仕事がこなせる「職人」レベルにまで腕を磨くか、あるいは経営か（自分で工場を経営する。フランチャイズの店長をやる等）、という道が考えられます。

そういう将来に自分の可能性を感じるのであれば、良いと思います。

なるほど

0

そうだね

0

ありがとう

0

違反報告
あわせて知りたい

転職活動中なのですが、求人BOXで応募した企業様から連絡があり、丁度出ることができませんでした。 すぐ折り返そうと思ったのですが留守電にまた改めてかけ直すと入っておりました。この場合逆に折り返すのは失礼に当たりますか？

転職

宿泊が毎日おトク！
Agoda
広告

会社都合で今月末での退職が確定しており、転職エージェントを使って転職活動中です。 何社か応募して面接の日程も決まったのですが、やっぱり直ぐに転職せずに職業訓練校に行くことにしました。 エージェントの方にメールで辞退の旨を連絡で大丈夫ですか？ また、どのような内容で送ればいいか参考程度に教えていただきたいです。

転職

今JR東で車掌をしています。田舎です。転職を考えています。 家の近くの佐川急便に正社員募集中の看板があって元々物流に興味があり学生時代就活時にJRと佐川急便とヤマト運輸の会社説明会に参加したことがあり結局JRに決めたのですが佐川急便にも興味がありました。そして最近あの看板を見かけて転職を考えています。 友人に相談したら佐川急便の知り合いがいるとの事で話を聞きましたが正直おすすめ出来ないですと言われました。今のJRの方が絶対にいいと思います、自分学があればJRで働きたいくらいですよと言われました。 …どうでしょう…何かアドバイス頂けたらと思います。

転職

自宅から最寄り駅まで約8分くらい→電車約16分→駅から職場まで徒歩20分って 一般的にいったら通いやすい方ですか？ 真夏に20分歩くのだけ厳しそうな気はしています。

職場の悩み

競走馬生産、育成牧場への転職について。 札幌圏在住、20代半ばの男です。 学生の頃から競走馬の育成や生産に携わるのが夢でしたが両親を説得しきれず、1度断念して別の道へ進み、正社員で働き始めました。しかし、どうしても牧場で働きたいという思いが強く、近いうちに牧場への転職を考えています。 その際、JBBAやBTCでの研修を受ける方が良いのか、直接牧場に就職して実務から入る、またはその他のロードマップが良いのかなど、私のように転職し、中途で牧場勤務をはじめた方がいらっしゃればご教授いただきたいです。 身長が180cmもあるので、体を絞っても育成の方に携わるのは難しい気もしているので、研修を受けるとすればJBBAになるのかなとは思っています。

転職

体重落ちない理由は肝臓。オナラ多い人実は
haju
広告

不動産事務を始めて数ヶ月経つのですがなかなか契約が決まらず、モチベーションが下がりつつあります。 以前は接客業をやっており、お客様と話すのって結構楽しかったなと思うようになりました。 でも始めたばかりですし、短期離職になりたくないので、宅建を勉強しながらなんとか働いてます。 どうしたら楽しく仕事ができるか、あるいは宅建を取って別の仕事に就く場合どういった仕事がおすすめか教えていただけると嬉しいです。

職場の悩み

転職について考えています。 ※名前がややこしいですが日本人です 1.転職しない方が良い 2.大手への転職 4.中小への転職 こちらで回答頂けますと幸いです。 27歳、現在は2社目に在籍中で営業職の経験しか有りません。現職は売上高1300億程の大企業で給与は550から600程です。給与福利厚生面は充実していますが、下記の不満を会社に感じています。 不満 •営業より間接部門、製造の方が立場が強い •承認フローが長かったり、責任を自部門で負いたく無い部署が多く、スピード感が遅い •業界２位だが、業界が斜陽傾向＋海外メーカーに単価技術共に負",2026-07-03
"site:detail.chiebukuro.yahoo.co.jp ""SES営業"" ""歩合""",https://detail.chiebukuro.yahoo.co.jp/qa/question_detail/q11156948306,お世話になります。 当方、現在完全歩合制(フルコミッション)の営業職をしています。 そこで...,お世話になります。 当方、現在完全歩合制(フルコミッション)の営業職をしています。 そこで...,detail.chiebukuro.yahoo.co.jp,"【能登復興支援】今も支援を待つ人がいます

Yahoo! JAPANヘルプ
キーワード：
 検索
大野智 個人サロン
	
IDでもっと便利に新規取得
ログイン 初回購入限定、アプリで使えるお得なクーポン
カテゴリ
Q&A一覧
回答ひろば
お知らせ
質問・相談
知恵袋トップ
カテゴリ一覧
生き方と恋愛、人間関係の悩み
恋愛相談、人間関係の悩み
職場の悩み
dam********

dam********さん

2016/3/13 8:58

1回答

お世話になります。

当方、現在完全歩合制(フルコミッション)の営業職をしています。

そこで質問なんですが、何故か出社義務・退社義務がり あり休む時も上司？に報告せねばなりません。
初めての業務委託だったので個人的なイメージとしては

自由出社の好きな時に休み、好きな時に仕事をするという形だったと聞くので。

上司達の意見は決められた日数でどれだけ成果を上げるっていうのが主体らしいのですが…

皆様の意見としてはこれは業務委託ではないのでしょうか？

御回答お願い致します
…続きを読む

職場の悩み・267閲覧

共感した
知恵コレ
共有
違反報告
ベストアンサー
うつけ

うつけさん

2016/3/13 9:40

参考までに、準委任契約や、請負契約でも、必要性が認められれば
出退勤時刻を管理できます。

例えば建築業なら、毎日バラバラの時刻に仕事を開始・終了していたのでは
作業が遅延するばかりですから、作業開始・終了時刻を管理できると
されています。

また、顧客企業内に常駐するタイプの契約
（例えば、システム開発のＳＥＳ契約）では、
顧客の始業・終業に合わせた時間契約が認められます。

したがって、雇用契約でない契約類型でも、時間管理は認められ得ます。
また、時間を管理したからといって、直ちに雇用契約となるわけでは
ありません。

この回答はいかがでしたか？ リアクションしてみよう

なるほど

1

そうだね

0

ありがとう

0

違反報告
質問者からのお礼コメント

ありがとうございます。

そういう形もあるんですね。

お礼日時：2016/3/17 2:00

あわせて知りたい

同じことを何度も繰り返す人の特徴を教えてください

職場の悩み

宿泊が毎日おトク！
Agoda
広告

プライベートなことに首を突っ込んでくる同僚について質問です。 現在、短期でアルバイトをしているのですがそこで一緒に働いている同僚の中に仕事が一緒になると必ずプライベートなことを聞いてくる同僚がいます。 どこに住んでいるのかとか結婚しているのか恋人はいるのか、なぜこの仕事をしているのか、言い出したらキリがないようなことをたくさん聞いてきます。 一度、上司にそのことを報告して、作業に集中するようにと言う注意を作業場全体にしていただいたのですが、あまり意味がなかったです。 短期間なので、もう半分いいや、と諦めているのですが、それでもやっぱり一緒になると嫌な気持ちになります。 露骨に無視などをすると、こちらが感じが悪いですよね。？

職場の悩み

SIerの方に質問です。 私はSESとして大手SIerの現場をいくつか経験しました。 現場のプロパーさん達を見ていつも思うのが「無駄そうな自社業務に時間を取られてるせいで案件業務が終わらずに毎日残業してるけど辞めたくならないの？」ということです。 SIerの方は自社業務と残業についてどうお考えですか？ そんなことが帳消しになるほど、待遇やスキルの面で恩恵を受けられているということなのでしょうか？ ちなみにそんなプロパーさん達を横目にそそくさと定時上がりするのが若干気まずいのですが、そんなSESの人達を見てイラついたりしますか？ (こちらは見込み残業なので、そちらの自社業務で発生した残業に付き合おうとは思いません…)

職場の悩み

人気の質問

会社の先輩が毎回奢ってくださるのはどうしようもないのでしょうか？（ ; ; ） 自分は新卒社員、相手は10年ほど先輩です。 私が先輩とご飯に行きたくて毎回誘っているのに、 いつも払ってくださいます。 それだと誘いにくくなるから自分にも払わせてくれ、 せめて割り勘にしてくれと伝えても 「後輩にお金を出させるわけない」と聞く耳を持ってくれません… 私は頻繁に誘いたいからこそ、 「誘う＝奢ってください！」の構図になってしまうのがしんどくて、 いま月1も誘えないぐらい怯んでいます 先輩の気持ちは分かりますが、、、 社会人の先輩方、なにか解決方法はありますでしょうか？ ※『今は奢られとけ！で、将来自分が後輩に奢ってやれ！』というアドバイスは大丈夫です

職場の悩み

はま寿司 勤務内容について はま寿司のフロア担当をしているバイトです。ストレートレーンではなく回るタイプのレーンが導入されているはま寿司店舗で勤務されている皆様からご意見をいただきたいです。 お客様がお寿司を取り損ねてしまった場合や、まだ届いていないのに「提供済み」になっている場合、フロア担当がキッチンへ行って戻ってきていないか確かめるじゃないですか。私の勤めている店舗では、この確認に行った際にキッチンの方にすごく嫌そうな対応をされます。(「今日で何回目？これ」や「困るなーそういうの、タダじゃないからさ」などと言われたり、Aさんに聞くとBさんに言えと言われBさんに聞くとCさんに聞けと言われ、厄介事をたらい回しにされているような感覚。文章では表せないのがもどかしいですが、明らかにブスっとした顔をされたり、態とらしく大きなため息を吐かれたり) こういうことが起こるのは4時間で平均6回ほどなので、確かに忙しい中何度も何度も対応をお願いして申し訳ない気持ちはありますが、こういうことが起こるのはフロア担当のミスではないと思っていますし、当たられても困ります。(責任があるとすればその席の真正面で止まらないレーンを導入しているお店ではないかと思っています) お客様に呼ばれると「また寿司を取り逃がしたのか、またキッチンの人に嫌そうな対応をされなくてはいけないのか、今日で何回目だ」と憂鬱で無視したくなります。もちろん責任があるので無視はせずちゃんと伺いますし、実際に取り逃がしてしまったのであれば対応しますし、お客様に非がないことは理解しているつもりですが、キッチンの方がどうしても怖くてバイトに行くのもしんどい気持ちがあります。 段々わたしのお願いの仕方が悪いのかと思ってきました。先輩に教えてもらったことと一言一句同じように伝えて、それに加えてできる限り謙っているのですが、先輩もこのような対応をされているのでしょうか。それとも私の何かが癪に触っているのでしょうか......。 キッチンの方はいたって普通に対応しているつもりかもしれませんし、これがはま寿司にとっての通常の可能性もありますが、フロアの先輩方が皆優しくて穏やかで素敵な方ばかりなので、落差で辛いです。甘えたことを言っているのは分かっていますが、冷たい対応より優しい対応を求めてしまうのはおかしいことでしょうか？ 長くなってしまいましたが、皆様にお聞きしたいことは下記の3点で",2026-07-03
"site:oshiete.goo.ne.jp ""SES営業"" ""インセンティブ""",https://help.goo.ne.jp/help/article/2864/,「教えて!goo」サービス終了のお知らせ,2025年9月17日にサービス終了。Q&Aデータは閲覧不可。,oshiete.goo.ne.jp,,2026-07-03
"site:jp.quora.com ""SES営業"" ""報酬""",https://jp.quora.com/,Quora検索: SES営業 報酬,サイト直接検索で有効なQ&A URLを取得できず。,jp.quora.com,,2026-07-03
