company_name,company_core,job_title,employment_type,base_salary_monthly,incentive_description,incentive_rate_pct,incentive_base,incentive_type,incentive_cap,expected_annual_min,expected_annual_max,has_quota,required_experience,employee_count,founded_year,hq_location,remote_policy,notes,source_url,crawl_date,data_source,channel
株式会社エイビス,エイビス,不動産賃貸業◎未経験OK／高水準のインセンティブあり／入社1年目で年収500万円～1000万円も可！ 【８割が未経験の業界】◎歩合で収入UP◎キャリアアップ歓迎 ◎週休3日もOK◎アウトソーシング営業,正社員,,不動産賃貸業◎未経験OK／高水準のインセンティブあり／入社1年目で年収500万円～1000万円も可！ 【８割が未経験の業界】◎歩合で収入UP◎キャリアアップ歓迎 ◎週休3日もOK◎アウトソーシング営業,nan,不明,不明,不明,,,なし,未経験可,,,,ハイブリッド,,https://en-gage.net/user/search/desc/16662069/,2026-07-01,phase3_engage,engage
株式会社の,の,✅最大30％の高インセンティブ率！ 賞与(インセンティブ)支給月：6月、12月 ＼裁量大×高インセンティブ／住宅ローンの提案営業｜年収1000万円以上可｜成果は青天井｜賞与年3回,正社員,,✅最大30％の高インセンティブ率！ 賞与(インセンティブ)支給月：6月、12月 ＼裁量大×高インセンティブ／住宅ローンの提案営業｜年収1000万円以上可｜成果は青天井｜賞与年3回,nan,不明,不明,上限なし,,,不明,未経験可,,,,不明,,https://en-gage.net/user/search/desc/15458350/,2026-07-01,phase3_engage,engage
株式会社クレス,クレス,その他、月々の給与の他に営業インセンティブ制度有,正社員,,その他、月々の給与の他に営業インセンティブ制度有,nan,不明,不明,不明,6000000,10000000,不明,未経験可,,,,ハイブリッド,,https://en-gage.net/user/search/desc/11124940/,2026-07-01,phase3_engage,engage
合同会社FYB,fyb,求人TOP 求人検索 東京都の求人 調布市の求人 SES営業／経験者募集／完全在宅／週2日～・1日2h～OK／成果に応じてインセンティブ支給 求人TOP 求人検索 合同会社FYB SES営業／経験者募集／完全在宅／週2日～・1日2h～OK／成果に応じてインセンティブ支給 SES営業／経験者募集／完全在宅／週2日～・1日2h～OK／成果に応じてインセンティブ支給 ■成果をしっかり還元 時給に加えてインセンティブ制度あり。 時給：1250円以上＋ 成果報酬（インセン）あり,正社員,,求人TOP 求人検索 東京都の求人 調布市の求人 SES営業／経験者募集／完全在宅／週2日～・1日2h～OK／成果に応じてインセンティブ支給 求人TOP 求人検索 合同会社FYB SES営業／経験者募集／完全在宅／週2日～・1日2h～OK／成果に応じてインセンティブ支給 SES営業／経験者募集／完全在宅／週2日～・1日2h～OK／成果に応じてインセンティブ支給 ■成果をしっかり還元 時給に加えてインセンティブ制度あり。 時給：1250円以上＋ 成果報酬（インセン）あり,nan,不明,不明,不明,,,不明,未経験可,,,,フルリモート,,https://en-gage.net/user/search/desc/17165538/,2026-07-01,phase3_engage,engage
株式会社サンソフト,サンソフト,求人TOP 求人検索 東京都の求人 中央区の求人 【IT営業／SES営業】土日祝休み｜在宅制度｜インセンティブあり 求人TOP 求人検索 株式会社サンソフト 【IT営業／SES営業】土日祝休み｜在宅制度｜インセンティブあり 【IT営業／SES営業】土日祝休み｜在宅制度｜インセンティブあり ・インセンティブ制度あり,正社員,,求人TOP 求人検索 東京都の求人 中央区の求人 【IT営業／SES営業】土日祝休み｜在宅制度｜インセンティブあり 求人TOP 求人検索 株式会社サンソフト 【IT営業／SES営業】土日祝休み｜在宅制度｜インセンティブあり 【IT営業／SES営業】土日祝休み｜在宅制度｜インセンティブあり ・インセンティブ制度あり,nan,不明,不明,不明,,,不明,未経験可,,,,ハイブリッド,,https://en-gage.net/user/search/desc/17406595/,2026-07-01,phase3_engage,engage
株式会社システム・コミュニケート,システムコミュニケート,キャリアアドバイザー募集【新規事業展開中！高額インセンティブ】あなたも仲間に入りませんか？,正社員,,キャリアアドバイザー募集【新規事業展開中！高額インセンティブ】あなたも仲間に入りませんか？,nan,不明,不明,不明,,,不明,未経験可,,,,ハイブリッド,,https://en-gage.net/user/search/desc/17108010/,2026-07-01,phase3_engage,engage
株式会社の採用・求人情報,の採用求人情報,求人TOP 求人検索 東京都の求人 千代田区の求人 平均年齢29歳！【東京SES営業】成果報酬あり／在宅併用／年間休日127日／完全土日祝休み／副業OK 求人TOP 求人検索 エンパワー株式会社 平均年齢29歳！【東京SES営業】成果報酬あり／在宅併用／年間休日127日／完全土日祝休み／副業OK 平均年齢29歳！【東京SES営業】成果報酬あり／在宅併用／年間休日127日／完全土日祝休み／副業OK 【成果報酬】 毎月の担当稼働売上からのインセンティブ制度があるため、契約数が増えれば増えるほど、毎月の営業手当が増えるため、給与など待遇面に反映され大きなやりがいになります。,正社員,,求人TOP 求人検索 東京都の求人 千代田区の求人 平均年齢29歳！【東京SES営業】成果報酬あり／在宅併用／年間休日127日／完全土日祝休み／副業OK 求人TOP 求人検索 エンパワー株式会社 平均年齢29歳！【東京SES営業】成果報酬あり／在宅併用／年間休日127日／完全土日祝休み／副業OK 平均年齢29歳！【東京SES営業】成果報酬あり／在宅併用／年間休日127日／完全土日祝休み／副業OK 【成果報酬】 毎月の担当稼働売上からのインセンティブ制度があるため、契約数が増えれば増えるほど、毎月の営業手当が増えるため、給与など待遇面に反映され大きなやりがいになります。,nan,不明,不明,不明,,,不明,未経験可,,,,ハイブリッド,,https://en-gage.net/user/search/desc/16243103/,2026-07-01,phase3_engage,engage
株式会社ＮＩＳ,ｎｉｓ,＼月35万円～／大手Grで生命保険の事務や営業＊固定給＋インセンティブ♪,正社員,,＼月35万円～／大手Grで生命保険の事務や営業＊固定給＋インセンティブ♪,nan,不明,不明,不明,,,不明,未経験可,,,,ハイブリッド,,https://en-gage.net/user/search/desc/17333406/,2026-07-01,phase3_engage,engage
株式会社の,の,＼裁量大×高インセンティブ／住宅ローンの提案営業｜年収1000万円以上可｜成果は青天井｜賞与年3回,正社員,,＼裁量大×高インセンティブ／住宅ローンの提案営業｜年収1000万円以上可｜成果は青天井｜賞与年3回,nan,不明,不明,上限なし,,,不明,未経験可,,,,不明,,https://en-gage.net/user/search/desc/16926644/,2026-07-01,phase3_engage,engage
株式会社スタッフライフ,スタッフライフ,求人TOP 求人検索 東京都の求人 渋谷区の求人 SES営業◎インセンティブ制度あり｜ワークライフバランスを整え、人のキャリアサポートを！ 求人TOP 求人検索 株式会社スタッフライフ SES営業◎インセンティブ制度あり｜ワークライフバランスを整え、人のキャリアサポートを！ SES営業◎インセンティブ制度あり｜ワークライフバランスを整え、人のキャリアサポートを！,正社員,,求人TOP 求人検索 東京都の求人 渋谷区の求人 SES営業◎インセンティブ制度あり｜ワークライフバランスを整え、人のキャリアサポートを！ 求人TOP 求人検索 株式会社スタッフライフ SES営業◎インセンティブ制度あり｜ワークライフバランスを整え、人のキャリアサポートを！ SES営業◎インセンティブ制度あり｜ワークライフバランスを整え、人のキャリアサポートを！,nan,不明,不明,不明,,,不明,未経験可,,,,ハイブリッド,,https://en-gage.net/user/search/desc/14428213/,2026-07-01,phase3_engage,engage
株式会社アスタ,アスタ,インセンティブ制度あり。 ＼裁量大×高インセンティブ／住宅ローンの提案営業｜年収1000万円以上可｜成果は青天井｜賞与年3回,正社員,,インセンティブ制度あり。 ＼裁量大×高インセンティブ／住宅ローンの提案営業｜年収1000万円以上可｜成果は青天井｜賞与年3回,nan,不明,不明,上限なし,4000000,270000,不明,未経験可,,,,ハイブリッド,,https://en-gage.net/user/search/desc/15360637/,2026-07-01,phase3_engage,engage
株式会社ユニバーサルコンツェルン,ユニバーサルコンツェルン,※上記に加え、営業インセンティブを支給する場合があります。 ◇ 営業インセンティブ ＼月35万円～／大手Grで生命保険の事務や営業＊固定給＋インセンティブ♪,正社員,,※上記に加え、営業インセンティブを支給する場合があります。 ◇ 営業インセンティブ ＼月35万円～／大手Grで生命保険の事務や営業＊固定給＋インセンティブ♪,nan,不明,不明,不明,,,不明,未経験可,,,,ハイブリッド,,https://en-gage.net/user/search/desc/15663783/,2026-07-01,phase3_engage,engage
株式会社の,の,※インセンティブ制度あり。インセンティブだけで月100万円以上稼ぐ先輩社員もいます！ ■インセンティブ制度 ＼裁量大×高インセンティブ／住宅ローンの提案営業｜年収1000万円以上可｜成果は青天井｜賞与年3回,正社員,,※インセンティブ制度あり。インセンティブだけで月100万円以上稼ぐ先輩社員もいます！ ■インセンティブ制度 ＼裁量大×高インセンティブ／住宅ローンの提案営業｜年収1000万円以上可｜成果は青天井｜賞与年3回,nan,不明,不明,上限なし,,,不明,未経験可,,,,ハイブリッド,,https://en-gage.net/user/search/desc/7570626/,2026-07-01,phase3_engage,engage
株式会社の,の,求人TOP 求人検索 東京都の求人 港区の求人 SES営業！エンジニアの評価を最適化するお仕事！◆未経験OK！インセンティブあり！ 求人TOP 求人検索 ボンズテック株式会社 SES営業！エンジニアの評価を最適化するお仕事！◆未経験OK！インセンティブあり！ SES営業！エンジニアの評価を最適化するお仕事！◆未経験OK！インセンティブあり！ 営業の成果に応じてインセンティブがつきますので、やったらやったぶんだけ給与に反映される仕組みになっています。 ■インセンティブ制度あり,正社員,,求人TOP 求人検索 東京都の求人 港区の求人 SES営業！エンジニアの評価を最適化するお仕事！◆未経験OK！インセンティブあり！ 求人TOP 求人検索 ボンズテック株式会社 SES営業！エンジニアの評価を最適化するお仕事！◆未経験OK！インセンティブあり！ SES営業！エンジニアの評価を最適化するお仕事！◆未経験OK！インセンティブあり！ 営業の成果に応じてインセンティブがつきますので、やったらやったぶんだけ給与に反映される仕組みになっています。 ■インセンティブ制度あり,nan,不明,不明,不明,,,不明,未経験可,,,,不明,,https://en-gage.net/user/search/desc/2429962/,2026-07-01,phase3_engage,engage
株式会社ハッピーデザイン,ハッピーデザイン,成果に伴い、インセンティブを支給します。 ◇ 営業手当あり（成果に応じたインセンティブ支給）,正社員,,成果に伴い、インセンティブを支給します。 ◇ 営業手当あり（成果に応じたインセンティブ支給）,nan,不明,不明,不明,,,不明,未経験可,,,,ハイブリッド,,https://en-gage.net/user/search/desc/13785245/,2026-07-01,phase3_engage,engage
株式会社Center,center,求人TOP 求人検索 愛知県の求人 名古屋市の求人 中区の求人 法人企業に対するSES営業をお任せします！営業として稼ぎたいかた求む🔥インセンティブが豊富です💪 求人TOP 求人検索 株式会社Center Force 法人企業に対するSES営業をお任せします！営業として稼ぎたいかた求む🔥インセンティブが豊富です💪 法人企業に対するSES営業をお任せします！営業として稼ぎたいかた求む🔥インセンティブが豊富です💪 ◇高い歩合率で稼ぎやすい環境です！,正社員,,求人TOP 求人検索 愛知県の求人 名古屋市の求人 中区の求人 法人企業に対するSES営業をお任せします！営業として稼ぎたいかた求む🔥インセンティブが豊富です💪 求人TOP 求人検索 株式会社Center Force 法人企業に対するSES営業をお任せします！営業として稼ぎたいかた求む🔥インセンティブが豊富です💪 法人企業に対するSES営業をお任せします！営業として稼ぎたいかた求む🔥インセンティブが豊富です💪 ◇高い歩合率で稼ぎやすい環境です！,nan,不明,不明,不明,,,不明,未経験可,,,,不明,,https://en-gage.net/user/search/desc/10661959/,2026-07-01,phase3_engage,engage
株式会社（英文名称：P.EN.S,（英文名称：p.en.s,"求人TOP 求人検索 東京都の求人 中央区の求人 【SES営業経験者歓迎】インセンティブで稼げる環境／ノルマなし／年間休日130日／退職金あり 求人TOP 求人検索 ピー.エン.ス株式会社（英文名称：P.EN.S Co., Ltd.） 【SES営業経験者歓迎】インセンティブで稼げる環境／ノルマなし／年間休日130日／退職金あり 【SES営業経験者歓迎】インセンティブで稼げる環境／ノルマなし／年間休日130日／退職金あり ◇営業インセンティブ 基本給に加え、業界高還元のインセンティブ制度を導入。",正社員,,"求人TOP 求人検索 東京都の求人 中央区の求人 【SES営業経験者歓迎】インセンティブで稼げる環境／ノルマなし／年間休日130日／退職金あり 求人TOP 求人検索 ピー.エン.ス株式会社（英文名称：P.EN.S Co., Ltd.） 【SES営業経験者歓迎】インセンティブで稼げる環境／ノルマなし／年間休日130日／退職金あり 【SES営業経験者歓迎】インセンティブで稼げる環境／ノルマなし／年間休日130日／退職金あり ◇営業インセンティブ 基本給に加え、業界高還元のインセンティブ制度を導入。",nan,不明,不明,不明,,,なし,未経験可,,,,ハイブリッド,,https://en-gage.net/user/search/desc/16842674/,2026-07-01,phase3_engage,engage
株式会社ネットウェーブ,ネットウェーブ,＼裁量大×高インセンティブ／住宅ローンの提案営業｜年収1000万円以上可｜成果は青天井｜賞与年3回,正社員,,＼裁量大×高インセンティブ／住宅ローンの提案営業｜年収1000万円以上可｜成果は青天井｜賞与年3回,nan,不明,不明,上限なし,,,不明,,,,,ハイブリッド,,https://en-gage.net/user/search/desc/5761257/,2026-07-01,phase3_engage,engage
株式会社トップヒルズ,トップヒルズ,＼裁量大×高インセンティブ／住宅ローンの提案営業｜年収1000万円以上可｜成果は青天井｜賞与年3回,正社員,,＼裁量大×高インセンティブ／住宅ローンの提案営業｜年収1000万円以上可｜成果は青天井｜賞与年3回,nan,不明,不明,上限なし,,,不明,,,,,不明,,https://en-gage.net/user/search/desc/17236312/,2026-07-01,phase3_engage,engage
株式会社エフェクト,エフェクト,＼裁量大×高インセンティブ／住宅ローンの提案営業｜年収1000万円以上可｜成果は青天井｜賞与年3回,正社員,,＼裁量大×高インセンティブ／住宅ローンの提案営業｜年収1000万円以上可｜成果は青天井｜賞与年3回,nan,不明,不明,上限なし,,,不明,,,,,ハイブリッド,,https://en-gage.net/user/search/desc/13593890/,2026-07-01,phase3_engage,engage
株式会社effortact,effortact,※インセンティブ制度あり。 例：月給20万～30万+インセンティブ（30万）など ＼裁量大×高インセンティブ／住宅ローンの提案営業｜年収1000万円以上可｜成果は青天井｜賞与年3回,正社員,,※インセンティブ制度あり。 例：月給20万～30万+インセンティブ（30万）など ＼裁量大×高インセンティブ／住宅ローンの提案営業｜年収1000万円以上可｜成果は青天井｜賞与年3回,nan,不明,不明,上限なし,,,不明,未経験可,,,,ハイブリッド,,https://en-gage.net/user/search/desc/3933794/,2026-07-01,phase3_engage,engage
株式会社BIT,bit,＼裁量大×高インセンティブ／住宅ローンの提案営業｜年収1000万円以上可｜成果は青天井｜賞与年3回,正社員,,＼裁量大×高インセンティブ／住宅ローンの提案営業｜年収1000万円以上可｜成果は青天井｜賞与年3回,nan,不明,不明,上限なし,,,不明,,,,,ハイブリッド,,https://en-gage.net/user/search/desc/17284754/,2026-07-01,phase3_engage,engage
合同会社ミスターアウトバウンド,ミスターアウトバウンド,インサイドセールス【副業OK／リモート・在宅勤務 ／インセンティブあり】,正社員,,インサイドセールス【副業OK／リモート・在宅勤務 ／インセンティブあり】,nan,不明,不明,不明,,,不明,未経験可,,,,フルリモート,,https://en-gage.net/user/search/desc/11642360/,2026-07-01,phase3_engage,engage
株式会社エス・イー・プロジェクト,エスイープロジェクト,＼裁量大×高インセンティブ／住宅ローンの提案営業｜年収1000万円以上可｜成果は青天井｜賞与年3回,正社員,,＼裁量大×高インセンティブ／住宅ローンの提案営業｜年収1000万円以上可｜成果は青天井｜賞与年3回,nan,不明,不明,上限なし,,,不明,未経験可,,,,ハイブリッド,,https://en-gage.net/user/search/desc/2648378/,2026-07-01,phase3_engage,engage
株式会社InterLink,interlink,・インセンティブ：あり（成果に応じて支給） ＼裁量大×高インセンティブ／住宅ローンの提案営業｜年収1000万円以上可｜成果は青天井｜賞与年3回,正社員,,・インセンティブ：あり（成果に応じて支給） ＼裁量大×高インセンティブ／住宅ローンの提案営業｜年収1000万円以上可｜成果は青天井｜賞与年3回,nan,不明,不明,上限なし,,,不明,未経験可,,,,ハイブリッド,,https://en-gage.net/user/search/desc/15724778/,2026-07-01,phase3_engage,engage
株式会社の採用・求人情報,の採用求人情報,求人TOP 求人検索 東京都の求人 品川区の求人 IT 企画営業（SES）◆未経験歓迎／一部リモート／インセンティブあり◎/20代、30代女性活躍中 求人TOP 求人検索 Arcxia株式会社 IT 企画営業（SES）◆未経験歓迎／一部リモート／インセンティブあり◎/20代、30代女性活躍中 IT 企画営業（SES）◆未経験歓迎／一部リモート／インセンティブあり◎/20代、30代女性活躍中 ★月給25万円～＋インセンティブ＋賞与／成果が収入に直結 ・収入：月給25万～35万円＋インセンティブ＋賞与（業績連動）。経験者は優遇。,正社員,,求人TOP 求人検索 東京都の求人 品川区の求人 IT 企画営業（SES）◆未経験歓迎／一部リモート／インセンティブあり◎/20代、30代女性活躍中 求人TOP 求人検索 Arcxia株式会社 IT 企画営業（SES）◆未経験歓迎／一部リモート／インセンティブあり◎/20代、30代女性活躍中 IT 企画営業（SES）◆未経験歓迎／一部リモート／インセンティブあり◎/20代、30代女性活躍中 ★月給25万円～＋インセンティブ＋賞与／成果が収入に直結 ・収入：月給25万～35万円＋インセンティブ＋賞与（業績連動）。経験者は優遇。,nan,不明,不明,不明,,,不明,未経験可,,,,フルリモート,,https://en-gage.net/user/search/desc/2830136/,2026-07-01,phase3_engage,engage
株式会社Wisdom,wisdom,キャリアアドバイザー募集！【新規事業展開中！高額インセンティブ】あなたも仲間に入りませんか？,正社員,,キャリアアドバイザー募集！【新規事業展開中！高額インセンティブ】あなたも仲間に入りませんか？,nan,不明,不明,不明,6000000,10000000,不明,未経験可,,,,フルリモート,,https://en-gage.net/user/search/desc/17426013/,2026-07-01,phase3_engage,engage
株式会社ビズコネクト,ビズコネクト,＼裁量大×高インセンティブ／住宅ローンの提案営業｜年収1000万円以上可｜成果は青天井｜賞与年3回,正社員,,＼裁量大×高インセンティブ／住宅ローンの提案営業｜年収1000万円以上可｜成果は青天井｜賞与年3回,nan,不明,不明,上限なし,,,不明,,,,,ハイブリッド,,https://en-gage.net/user/search/desc/15784938/,2026-07-01,phase3_engage,engage
株式会社イントゥ,イントゥ,求人TOP 求人検索 東京都の求人 新宿区の求人 インセンティブ契約時100％／⼈材コーディネーター／営業経験者優遇／ 求人TOP 求人検索 株式会社イントゥ インセンティブ契約時100％／⼈材コーディネーター／営業経験者優遇／ インセンティブ契約時100％／⼈材コーディネーター／営業経験者優遇／ インセンティブは初回契約時、粗利100％を考えております。 上記に加え、インセンティブを支給します。 インセンティブは初回契約時、粗利100％を考えております。 ＼裁量大×高インセンティブ／住宅ローンの提案営業｜年収1000万円以上可｜成果は青天井｜賞与年3回,正社員,,求人TOP 求人検索 東京都の求人 新宿区の求人 インセンティブ契約時100％／⼈材コーディネーター／営業経験者優遇／ 求人TOP 求人検索 株式会社イントゥ インセンティブ契約時100％／⼈材コーディネーター／営業経験者優遇／ インセンティブ契約時100％／⼈材コーディネーター／営業経験者優遇／ インセンティブは初回契約時、粗利100％を考えております。 上記に加え、インセンティブを支給します。 インセンティブは初回契約時、粗利100％を考えております。 ＼裁量大×高インセンティブ／住宅ローンの提案営業｜年収1000万円以上可｜成果は青天井｜賞与年3回,nan,粗利,不明,上限なし,,,不明,,,,,ハイブリッド,,https://en-gage.net/user/search/desc/9368614/,2026-07-01,phase3_engage,engage
株式会社プラウドデータ,プラウドデータ,"固定給18万6,080円＋成果給5万3,920円＋インセンティブ キャリアアドバイザー募集【新規事業展開中！高額インセンティブ】あなたも仲間に入りませんか？",正社員,,"固定給18万6,080円＋成果給5万3,920円＋インセンティブ キャリアアドバイザー募集【新規事業展開中！高額インセンティブ】あなたも仲間に入りませんか？",nan,不明,不明,不明,,,不明,未経験可,,,,ハイブリッド,,https://en-gage.net/user/search/desc/8423410/,2026-07-01,phase3_engage,engage
株式会社クオンツ,クオンツ,※固定給の他にインセンティブあり キャリアアドバイザー募集【新規事業展開中！高額インセンティブ】あなたも仲間に入りませんか？,正社員,,※固定給の他にインセンティブあり キャリアアドバイザー募集【新規事業展開中！高額インセンティブ】あなたも仲間に入りませんか？,nan,不明,不明,不明,,,不明,未経験可,,,,ハイブリッド,,https://en-gage.net/user/search/desc/233622/,2026-07-01,phase3_engage,engage
株式会社CocoPalette,cocopalette,２．インセンティブは見直しながら調整し、達成感に繋げられます。 ●年収378万円／入社3年目／営業メンバー、25歳（インセンティブ含まず） ●年収448万円／入社8年目／営業リーダー、30歳（インセンティブ含まず） ●年収518万円／入社13年目／営業部課長、35歳（インセンティブ含まず） 想定年収とは別に、実績によってインセンティブが加給されます。 ＼裁量大×高インセンティブ／住宅ローンの提案営業｜年収1000万円以上可｜成果は青天井｜賞与年3回,正社員,,２．インセンティブは見直しながら調整し、達成感に繋げられます。 ●年収378万円／入社3年目／営業メンバー、25歳（インセンティブ含まず） ●年収448万円／入社8年目／営業リーダー、30歳（インセンティブ含まず） ●年収518万円／入社13年目／営業部課長、35歳（インセンティブ含まず） 想定年収とは別に、実績によってインセンティブが加給されます。 ＼裁量大×高インセンティブ／住宅ローンの提案営業｜年収1000万円以上可｜成果は青天井｜賞与年3回,nan,不明,不明,上限なし,,,不明,未経験可,,,,ハイブリッド,,https://en-gage.net/user/search/desc/13120406/,2026-07-01,phase3_engage,engage
株式会社ツリーベル,ツリーベル,＼裁量大×高インセンティブ／住宅ローンの提案営業｜年収1000万円以上可｜成果は青天井｜賞与年3回,正社員,,＼裁量大×高インセンティブ／住宅ローンの提案営業｜年収1000万円以上可｜成果は青天井｜賞与年3回,nan,不明,不明,上限なし,,,不明,未経験可,,,,ハイブリッド,,https://en-gage.net/user/search/desc/50486/,2026-07-01,phase3_engage,engage
株式会社ユービー,ユービー,【営業部創設メンバー】月32万円～/高インセンティブ/未経験可/管理職候補/週休2日/残業ほぼ無し,正社員,,【営業部創設メンバー】月32万円～/高インセンティブ/未経験可/管理職候補/週休2日/残業ほぼ無し,nan,不明,不明,不明,,,なし,未経験可,,,,ハイブリッド,,https://en-gage.net/user/search/desc/11454070/,2026-07-01,phase3_engage,engage
株式会社アクターリアリティー,アクターリアリティー,＼裁量大×高インセンティブ／住宅ローンの提案営業｜年収1000万円以上可｜成果は青天井｜賞与年3回,正社員,,＼裁量大×高インセンティブ／住宅ローンの提案営業｜年収1000万円以上可｜成果は青天井｜賞与年3回,nan,不明,不明,上限なし,,,不明,未経験可,,,,ハイブリッド,,https://en-gage.net/user/search/desc/8819955/,2026-07-01,phase3_engage,engage
株式会社の,の,基本給のほかに営業成果に対してインセンティブの支給があります,正社員,,基本給のほかに営業成果に対してインセンティブの支給があります,nan,不明,不明,不明,,,不明,未経験可,,,,ハイブリッド,,https://en-gage.net/user/search/desc/5553988/,2026-07-01,phase3_engage,engage
株式会社の,の,求人TOP 求人検索 東京都の求人 豊島区の求人 【IT営業】＼未経験から始めるマッチング営業／歩合制でしっかり稼げる！◆月給25万～／年休121日 求人TOP 求人検索 CSエコー株式会社 【IT営業】＼未経験から始めるマッチング営業／歩合制でしっかり稼げる！◆月給25万～／年休121日 【IT営業】＼未経験から始めるマッチング営業／歩合制でしっかり稼げる！◆月給25万～／年休121日 【インセンティブ制度】 当社では成果に応じたインセンティブ制度を導入しています。 月給25万円～＋歩合 （基本給18万円に加えて一律支給の営業手当7万円＋歩合）,正社員,,求人TOP 求人検索 東京都の求人 豊島区の求人 【IT営業】＼未経験から始めるマッチング営業／歩合制でしっかり稼げる！◆月給25万～／年休121日 求人TOP 求人検索 CSエコー株式会社 【IT営業】＼未経験から始めるマッチング営業／歩合制でしっかり稼げる！◆月給25万～／年休121日 【IT営業】＼未経験から始めるマッチング営業／歩合制でしっかり稼げる！◆月給25万～／年休121日 【インセンティブ制度】 当社では成果に応じたインセンティブ制度を導入しています。 月給25万円～＋歩合 （基本給18万円に加えて一律支給の営業手当7万円＋歩合）,nan,不明,不明,不明,,,なし,未経験可,,,,ハイブリッド,,https://en-gage.net/user/search/desc/14024087/,2026-07-01,phase3_engage,engage
株式会社Ｐ,ｐ,●年収440万円／入社2年目／基本給+ 賞与＆インセンティブ 140万 ●年収540万円／入社5年目／基本給 + 賞与＆インセンティブ 240万 ◇インセンティブ 営業成果に基づいたインセンティブを還元します。営業として出した数値が給与に反映されやすい仕組みになっています。,正社員,,●年収440万円／入社2年目／基本給+ 賞与＆インセンティブ 140万 ●年収540万円／入社5年目／基本給 + 賞与＆インセンティブ 240万 ◇インセンティブ 営業成果に基づいたインセンティブを還元します。営業として出した数値が給与に反映されやすい仕組みになっています。,nan,不明,不明,不明,,,不明,未経験可,,,,ハイブリッド,,https://en-gage.net/user/search/desc/8330626/,2026-07-01,phase3_engage,engage
株式会社の採用・求人情報,の採用求人情報,求人TOP 求人検索 東京都の求人 港区の求人 新卒からIT営業に挑戦！賞与3ヶ月ごと×高インセンティブ。やる気がそのまま収入に反映！ 求人TOP 求人検索 イネーブルメント株式会社 新卒からIT営業に挑戦！賞与3ヶ月ごと×高インセンティブ。やる気がそのまま収入に反映！ 新卒からIT営業に挑戦！賞与3ヶ月ごと×高インセンティブ。やる気がそのまま収入に反映！ 賞与3ヶ月1回、3ヶ月分の報酬、他社より高いインセンティブ、報酬パーセントは面談の時にお伝えいたします。 期間中の成果次第で正社員化（インセンティブ報酬）も検討可能です。 ※従業員規模や組織構造、会社業績によってインセンティブ制度について3,正社員,,求人TOP 求人検索 東京都の求人 港区の求人 新卒からIT営業に挑戦！賞与3ヶ月ごと×高インセンティブ。やる気がそのまま収入に反映！ 求人TOP 求人検索 イネーブルメント株式会社 新卒からIT営業に挑戦！賞与3ヶ月ごと×高インセンティブ。やる気がそのまま収入に反映！ 新卒からIT営業に挑戦！賞与3ヶ月ごと×高インセンティブ。やる気がそのまま収入に反映！ 賞与3ヶ月1回、3ヶ月分の報酬、他社より高いインセンティブ、報酬パーセントは面談の時にお伝えいたします。 期間中の成果次第で正社員化（インセンティブ報酬）も検討可能です。 ※従業員規模や組織構造、会社業績によってインセンティブ制度について3年に1度見直しがございます。,nan,不明,ストック型,不明,,,不明,未経験可,,,,フルリモート,,https://en-gage.net/user/search/desc/12147121/,2026-07-01,phase3_engage,engage
株式会社ハッピーデザイン,ハッピーデザイン,成果に伴い、インセンティブを支給します。 ◇ 営業手当あり（成果に応じたインセンティブ支給）,正社員,,成果に伴い、インセンティブを支給します。 ◇ 営業手当あり（成果に応じたインセンティブ支給）,nan,不明,不明,不明,,,不明,未経験可,,,,ハイブリッド,,https://en-gage.net/user/search/desc/17359589/,2026-07-01,phase3_engage,engage
株式会社Ｄｅｆ,ｄｅｆ,給与：月収27万＋月次歩合＋賞与 入社初年度から月給＋月次歩合で月収40万円以上も無理なく可能です。 キャリアアドバイザー募集！【新規事業展開中！高額インセンティブ】あなたも仲間に入りませんか？,正社員,,給与：月収27万＋月次歩合＋賞与 入社初年度から月給＋月次歩合で月収40万円以上も無理なく可能です。 キャリアアドバイザー募集！【新規事業展開中！高額インセンティブ】あなたも仲間に入りませんか？,nan,不明,不明,不明,,,不明,未経験可,,,,ハイブリッド,,https://en-gage.net/user/search/desc/15051567/,2026-07-01,phase3_engage,engage
株式会社システムイオ,システムイオ,求人TOP 求人検索 東京都の求人 港区の求人 【東京本社】新規クライアントを開拓するなど自由度の高い【ＩＴ営業】インセンティブあり 求人TOP 求人検索 株式会社システムイオ 【東京本社】新規クライアントを開拓するなど自由度の高い【ＩＴ営業】インセンティブあり 【東京本社】新規クライアントを開拓するなど自由度の高い【ＩＴ営業】インセンティブあり,正社員,,求人TOP 求人検索 東京都の求人 港区の求人 【東京本社】新規クライアントを開拓するなど自由度の高い【ＩＴ営業】インセンティブあり 求人TOP 求人検索 株式会社システムイオ 【東京本社】新規クライアントを開拓するなど自由度の高い【ＩＴ営業】インセンティブあり 【東京本社】新規クライアントを開拓するなど自由度の高い【ＩＴ営業】インセンティブあり,nan,不明,不明,不明,,,不明,未経験可,,,,不明,,https://en-gage.net/user/search/desc/2888935/,2026-07-01,phase3_engage,engage
株式会社の,の,＼裁量大×高インセンティブ／住宅ローンの提案営業｜年収1000万円以上可｜成果は青天井｜賞与年3回,正社員,316900,＼裁量大×高インセンティブ／住宅ローンの提案営業｜年収1000万円以上可｜成果は青天井｜賞与年3回,nan,不明,不明,上限なし,,,不明,,,,,ハイブリッド,,https://en-gage.net/user/search/desc/16683981/,2026-07-01,phase3_engage,engage
株式会社の,の,＼裁量大×高インセンティブ／住宅ローンの提案営業｜年収1000万円以上可｜成果は青天井｜賞与年3回,正社員,,＼裁量大×高インセンティブ／住宅ローンの提案営業｜年収1000万円以上可｜成果は青天井｜賞与年3回,nan,不明,不明,上限なし,,,不明,未経験可,,,,不明,,https://en-gage.net/user/search/desc/3614284/,2026-07-01,phase3_engage,engage
株式会社ＳＫＫｎｅｘｔ,ｓｋｋｎｅｘｔ,求人TOP 求人検索 東京都の求人 新宿区の求人 IT営業/インセンティブあり/年間休日120日以上/未経験歓迎 求人TOP 求人検索 株式会社ＳＫＫｎｅｘｔ IT営業/インセンティブあり/年間休日120日以上/未経験歓迎 IT営業/インセンティブあり/年間休日120日以上/未経験歓迎 ◆ インセンティブあり。成果を正しく評価,,,求人TOP 求人検索 東京都の求人 新宿区の求人 IT営業/インセンティブあり/年間休日120日以上/未経験歓迎 求人TOP 求人検索 株式会社ＳＫＫｎｅｘｔ IT営業/インセンティブあり/年間休日120日以上/未経験歓迎 IT営業/インセンティブあり/年間休日120日以上/未経験歓迎 ◆ インセンティブあり。成果を正しく評価,nan,不明,不明,不明,,,不明,未経験可,,,,ハイブリッド,,https://en-gage.net/user/search/desc/15796091/,2026-07-01,phase3_engage,engage
株式会社の,の,＼裁量大×高インセンティブ／住宅ローンの提案営業｜年収1000万円以上可｜成果は青天井｜賞与年3回,正社員,,＼裁量大×高インセンティブ／住宅ローンの提案営業｜年収1000万円以上可｜成果は青天井｜賞与年3回,nan,不明,不明,上限なし,,,不明,未経験可,,,,ハイブリッド,,https://en-gage.net/user/search/desc/8052006/,2026-07-01,phase3_engage,engage
株式会社の採用・求人情報,の採用求人情報,求人TOP 求人検索 東京都の求人 新宿区の求人 IT営業◆特許取得の商品力が強み／AI搭載／未経験からも売れる／残業なし／インセンティブ充実 求人TOP 求人検索 JetB株式会社 IT営業◆特許取得の商品力が強み／AI搭載／未経験からも売れる／残業なし／インセンティブ充実 IT営業◆特許取得の商品力が強み／AI搭載／未経験からも売れる／残業なし／インセンティブ充実 ・成果を正当に評価し、給与や昇格で還元してくれる会社で活躍したいという方 月給30万円～+インセンティブ ※インセンティブ1件あたり1.5万～5万円（成約件数により1件あたりのインセンティブ上昇）。 月給30万円 +インセンティ,正社員,,求人TOP 求人検索 東京都の求人 新宿区の求人 IT営業◆特許取得の商品力が強み／AI搭載／未経験からも売れる／残業なし／インセンティブ充実 求人TOP 求人検索 JetB株式会社 IT営業◆特許取得の商品力が強み／AI搭載／未経験からも売れる／残業なし／インセンティブ充実 IT営業◆特許取得の商品力が強み／AI搭載／未経験からも売れる／残業なし／インセンティブ充実 ・成果を正当に評価し、給与や昇格で還元してくれる会社で活躍したいという方 月給30万円～+インセンティブ ※インセンティブ1件あたり1.5万～5万円（成約件数により1件あたりのインセンティブ上昇）。 月給30万円 +インセンティブ,nan,不明,フロー型,不明,,,不明,未経験可,,,,ハイブリッド,,https://en-gage.net/user/search/desc/6767866/,2026-07-01,phase3_engage,engage
株式会社ＮｅｔＦｉｌｅ,ｎｅｔｆｉｌｅ,求人TOP 求人検索 神奈川県の求人 横浜市の求人 中区の求人 【IT営業】営業職募集/経験者や未経験も大歓迎/インセンティブで高還元！！ 求人TOP 求人検索 株式会社ＮｅｔＦｉｌｅ 【IT営業】営業職募集/経験者や未経験も大歓迎/インセンティブで高還元！！ 【IT営業】営業職募集/経験者や未経験も大歓迎/インセンティブで高還元！！ ■━ インセンティブ ━■ 業界内でインセンティブの還元率は非常に高く、 業界内でインセンティブの還元率は非常に高い水準になっております。 ◇高水準のインセンティブ還元率を求めている方,正社員,,求人TOP 求人検索 神奈川県の求人 横浜市の求人 中区の求人 【IT営業】営業職募集/経験者や未経験も大歓迎/インセンティブで高還元！！ 求人TOP 求人検索 株式会社ＮｅｔＦｉｌｅ 【IT営業】営業職募集/経験者や未経験も大歓迎/インセンティブで高還元！！ 【IT営業】営業職募集/経験者や未経験も大歓迎/インセンティブで高還元！！ ■━ インセンティブ ━■ 業界内でインセンティブの還元率は非常に高く、 業界内でインセンティブの還元率は非常に高い水準になっております。 ◇高水準のインセンティブ還元率を求めている方,nan,不明,不明,不明,,,不明,未経験可,,,,不明,,https://en-gage.net/user/search/desc/8819484/,2026-07-01,phase3_engage,engage
株式会社SEシェア,seシェア,◎今後、給与制度なども変革し、インセンティブ制度なども構築したいと考えています。給与に関する提案や交渉なども歓迎です！ キャリアアドバイザー募集【新規事業展開中！高額インセンティブ】あなたも仲間に入りませんか？,正社員,,◎今後、給与制度なども変革し、インセンティブ制度なども構築したいと考えています。給与に関する提案や交渉なども歓迎です！ キャリアアドバイザー募集【新規事業展開中！高額インセンティブ】あなたも仲間に入りませんか？,nan,不明,不明,不明,,,不明,未経験可,,,,ハイブリッド,,https://en-gage.net/user/search/desc/11902102/,2026-07-01,phase3_engage,engage
合同会社コアアクシス,コアアクシス,求人TOP 求人検索 東京都の求人 品川区の求人 【法人営業】企業のDXや課題解決を叶えるITセールス！★インセンティブあり／リモート可 求人TOP 求人検索 合同会社コアアクシス 【法人営業】企業のDXや課題解決を叶えるITセールス！★インセンティブあり／リモート可 【法人営業】企業のDXや課題解決を叶えるITセールス！★インセンティブあり／リモート可 インセンティブ制度あり,正社員,,求人TOP 求人検索 東京都の求人 品川区の求人 【法人営業】企業のDXや課題解決を叶えるITセールス！★インセンティブあり／リモート可 求人TOP 求人検索 合同会社コアアクシス 【法人営業】企業のDXや課題解決を叶えるITセールス！★インセンティブあり／リモート可 【法人営業】企業のDXや課題解決を叶えるITセールス！★インセンティブあり／リモート可 インセンティブ制度あり,nan,不明,不明,不明,,,不明,未経験可,,,,ハイブリッド,,https://en-gage.net/user/search/desc/17329422/,2026-07-01,phase3_engage,engage
株式会社ベオスアイティーホールディングス,ベオスアイティーホールディングス,求人TOP 求人検索 東京都の求人 新宿区の求人 IT営業 ★未経験歓迎｜月給25万円以上｜高水準のインセンティブ制度あり｜営業の平均月収75万円！ 求人TOP 求人検索 株式会社ベオスアイティーホールディングス IT営業 ★未経験歓迎｜月給25万円以上｜高水準のインセンティブ制度あり｜営業の平均月収75万円！ IT営業 ★未経験歓迎｜月給25万円以上｜高水準のインセンティブ制度あり｜営業の平均月収75万円！ ★成果に応じたインセンティブ ●年収870万円／入社3年目／月給65万円＋インセンティブ＋賞与 ※別途インセンティブ有 ■報奨金（インセンティブ）,正社員,,求人TOP 求人検索 東京都の求人 新宿区の求人 IT営業 ★未経験歓迎｜月給25万円以上｜高水準のインセンティブ制度あり｜営業の平均月収75万円！ 求人TOP 求人検索 株式会社ベオスアイティーホールディングス IT営業 ★未経験歓迎｜月給25万円以上｜高水準のインセンティブ制度あり｜営業の平均月収75万円！ IT営業 ★未経験歓迎｜月給25万円以上｜高水準のインセンティブ制度あり｜営業の平均月収75万円！ ★成果に応じたインセンティブ ●年収870万円／入社3年目／月給65万円＋インセンティブ＋賞与 ※別途インセンティブ有 ■報奨金（インセンティブ）,nan,不明,フロー型,不明,,,不明,未経験可,,,,ハイブリッド,,https://en-gage.net/user/search/desc/15426020/,2026-07-01,phase3_engage,engage
株式会社MagicPlus,magicplus,求人TOP 求人検索 東京都の求人 千代田区の求人 経験者歓迎！都内でのIT営業急募！基本給とは別にインセンティブのプラス有！！年収1000万円以上も可 求人TOP 求人検索 株式会社MagicPlus 経験者歓迎！都内でのIT営業急募！基本給とは別にインセンティブのプラス有！！年収1000万円以上も可 経験者歓迎！都内でのIT営業急募！基本給とは別にインセンティブのプラス有！！年収1000万円以上も可 ＊営業職務手当有：案件・売上金額によって歩合報酬を加算します!,正社員,,求人TOP 求人検索 東京都の求人 千代田区の求人 経験者歓迎！都内でのIT営業急募！基本給とは別にインセンティブのプラス有！！年収1000万円以上も可 求人TOP 求人検索 株式会社MagicPlus 経験者歓迎！都内でのIT営業急募！基本給とは別にインセンティブのプラス有！！年収1000万円以上も可 経験者歓迎！都内でのIT営業急募！基本給とは別にインセンティブのプラス有！！年収1000万円以上も可 ＊営業職務手当有：案件・売上金額によって歩合報酬を加算します!,nan,不明,不明,不明,,,不明,未経験可,,,,ハイブリッド,,https://en-gage.net/user/search/desc/15169888/,2026-07-01,phase3_engage,engage
株式会社エヌエム・ヒューマテック,エヌエムヒューマテック,＼裁量大×高インセンティブ／住宅ローンの提案営業｜年収1000万円以上可｜成果は青天井｜賞与年3回,正社員,,＼裁量大×高インセンティブ／住宅ローンの提案営業｜年収1000万円以上可｜成果は青天井｜賞与年3回,nan,不明,不明,上限なし,,,不明,未経験可,,,,ハイブリッド,,https://en-gage.net/user/search/desc/5620668/,2026-07-01,phase3_engage,engage
株式会社アイビネット,アイビネット,当社のインセンティブは、営業利益の《20％》を支給！ 社員の中にはインセンティブだけで 頑張った分はしっかりと還元されるため、 ★売上の20％をインセンティブとして還元 1契約で数ヶ月間はコンスタントにインセンティブ発生 「インセンティブ率が高くて嬉しい。それだけで月50万円以上稼ぐ先輩も！」（26歳／元工場スタッフ・入社1年目） そして成果が出たら、インセンティブはチームで山分け！最初から稼ぎやすい環境です。 入社半年後に、全員が月給3万円UP！さらに、先ほど紹介した「チーム制」のおかげで、平均月15万円以上、2年目にはほとんどの人が毎月10万円以上のインセンティブを獲得しています。 つまり,正社員,,当社のインセンティブは、営業利益の《20％》を支給！ 社員の中にはインセンティブだけで 頑張った分はしっかりと還元されるため、 ★売上の20％をインセンティブとして還元 1契約で数ヶ月間はコンスタントにインセンティブ発生 「インセンティブ率が高くて嬉しい。それだけで月50万円以上稼ぐ先輩も！」（26歳／元工場スタッフ・入社1年目） そして成果が出たら、インセンティブはチームで山分け！最初から稼ぎやすい環境です。 入社半年後に、全員が月給3万円UP！さらに、先ほど紹介した「チーム制」のおかげで、平均月15万円以上、2年目にはほとんどの人が毎月10万円以上のインセンティブを獲得しています。 つまり2年目には、月給28万円＋インセンティブ15万円＋諸手当＝月収40万円以上が叶うということ。頑張った結果が「収入」という目に見える形で返ってくるので、ずっとモチベーション高く働けます！,nan,不明,不明,不明,,,なし,未経験可,,,,フルリモート,,https://en-gage.net/user/search/desc/12436240/,2026-07-01,phase3_engage,engage
株式会社TBTソリューションズ,tbtソリューションズ,＼裁量大×高インセンティブ／住宅ローンの提案営業｜年収1000万円以上可｜成果は青天井｜賞与年3回,正社員,,＼裁量大×高インセンティブ／住宅ローンの提案営業｜年収1000万円以上可｜成果は青天井｜賞与年3回,nan,不明,不明,上限なし,,,不明,未経験可,,,,ハイブリッド,,https://en-gage.net/user/search/desc/10622395/,2026-07-01,phase3_engage,engage
株式会社トラストアンドテクノロジー,トラストアンドテクノロジー,キャリアアドバイザー募集【新規事業展開中！高額インセンティブ】あなたも仲間に入りませんか？,正社員,,キャリアアドバイザー募集【新規事業展開中！高額インセンティブ】あなたも仲間に入りませんか？,nan,不明,不明,不明,,,不明,未経験可,,,,ハイブリッド,,https://en-gage.net/user/search/desc/16229739/,2026-07-01,phase3_engage,engage
株式会社の,の,◆賞与と別にインセンティブ支給あり♪ 営業実績に応じたインセンティブ制度もあり、成果がしっかり評価される環境です。 インセンティブは新規受注実績に応じて支給します。,正社員,,◆賞与と別にインセンティブ支給あり♪ 営業実績に応じたインセンティブ制度もあり、成果がしっかり評価される環境です。 インセンティブは新規受注実績に応じて支給します。,nan,不明,不明,不明,,,不明,未経験可,,,,ハイブリッド,,https://en-gage.net/user/search/desc/17211935/,2026-07-01,phase3_engage,engage
株式会社の,の,＼裁量大×高インセンティブ／住宅ローンの提案営業｜年収1000万円以上可｜成果は青天井｜賞与年3回,正社員,,＼裁量大×高インセンティブ／住宅ローンの提案営業｜年収1000万円以上可｜成果は青天井｜賞与年3回,nan,不明,不明,上限なし,,,不明,,,,,ハイブリッド,,https://en-gage.net/user/search/desc/13036191/,2026-07-01,phase3_engage,engage
株式会社ユーアイソフトウェア,ユーアイソフトウェア,年齢関係なく高いインセンティブ報酬で稼げる！固定月給40万円以上！不用品買取の営業スタッフ,正社員,,年齢関係なく高いインセンティブ報酬で稼げる！固定月給40万円以上！不用品買取の営業スタッフ,nan,不明,不明,不明,,,なし,未経験可,,,,不明,,https://en-gage.net/user/search/desc/8497489/,2026-07-01,phase3_engage,engage
株式会社ロジ勤怠システム,ロジ勤怠システム,◇インセンティブ制度（2月、8月支給） ＜１社受注する度にインセンティブを支給＞ キャリアアドバイザー募集【新規事業展開中！高額インセンティブ】あなたも仲間に入りませんか？,正社員,,◇インセンティブ制度（2月、8月支給） ＜１社受注する度にインセンティブを支給＞ キャリアアドバイザー募集【新規事業展開中！高額インセンティブ】あなたも仲間に入りませんか？,nan,不明,不明,不明,,,不明,未経験可,,,,ハイブリッド,,https://en-gage.net/user/search/desc/10415922/,2026-07-01,phase3_engage,engage
株式会社Ｂ・Ｐ・Ｓ,ｂｐｓ,キャリアアドバイザー募集【新規事業展開中！高額インセンティブ】あなたも仲間に入りませんか？,正社員,240000,キャリアアドバイザー募集【新規事業展開中！高額インセンティブ】あなたも仲間に入りませんか？,nan,不明,不明,不明,,,不明,未経験可,,,,ハイブリッド,,https://en-gage.net/user/search/desc/4825992/,2026-07-01,phase3_engage,engage
株式会社の採用・求人情報,の採用求人情報,賞与は会社業績や個人評価に応じて支給しており、通常は年間2～3ヶ月分程度が一般的です。昨年度は業績好調により、**5.2ヶ月分（総支給額ベース）**を支給。社員の頑張りをしっかり還元する風土があります。 Webサイトの営業（未経験歓迎）◆インセンティブで月収100万円以上／報奨金も支給／年間休日127日,正社員,,賞与は会社業績や個人評価に応じて支給しており、通常は年間2～3ヶ月分程度が一般的です。昨年度は業績好調により、**5.2ヶ月分（総支給額ベース）**を支給。社員の頑張りをしっかり還元する風土があります。 Webサイトの営業（未経験歓迎）◆インセンティブで月収100万円以上／報奨金も支給／年間休日127日,nan,不明,不明,不明,,,不明,未経験可,,,,ハイブリッド,,https://en-gage.net/user/search/desc/17444218/,2026-07-01,phase3_engage,engage
株式会社ビヨンドソフトホールディングス,ビヨンドソフトホールディングス,＼裁量大×高インセンティブ／住宅ローンの提案営業｜年収1000万円以上可｜成果は青天井｜賞与年3回,正社員,,＼裁量大×高インセンティブ／住宅ローンの提案営業｜年収1000万円以上可｜成果は青天井｜賞与年3回,nan,不明,不明,上限なし,,,不明,未経験可,,,,ハイブリッド,,https://en-gage.net/user/search/desc/16629573/,2026-07-01,phase3_engage,engage
株式会社の,の,インセンティブ還元◎住宅ローン提案営業◆キャリアアップ可能！/re30058,正社員,,インセンティブ還元◎住宅ローン提案営業◆キャリアアップ可能！/re30058,nan,不明,不明,不明,,,不明,未経験可,,,,不明,,https://en-gage.net/user/search/desc/12134263/,2026-07-01,phase3_engage,engage
株式会社の,の,【未経験から年収1000万円へ】月給30万円＋高率歩合！充実研修で稼げる不動産営業に◎年休120日,正社員,,【未経験から年収1000万円へ】月給30万円＋高率歩合！充実研修で稼げる不動産営業に◎年休120日,nan,不明,不明,不明,,,不明,未経験可,,,,ハイブリッド,,https://en-gage.net/user/search/desc/16483829/,2026-07-01,phase3_engage,engage
株式会社の,の,（歩合によるインセンティブもありますので意欲のある方歓迎です。） ＼月35万円～／大手Grで生命保険の事務や営業＊固定給＋インセンティブ♪,正社員,,（歩合によるインセンティブもありますので意欲のある方歓迎です。） ＼月35万円～／大手Grで生命保険の事務や営業＊固定給＋インセンティブ♪,nan,不明,不明,不明,,,不明,,,,,ハイブリッド,,https://en-gage.net/user/search/desc/1195579/,2026-07-01,phase3_engage,engage
株式会社CocoPalette,cocopalette,・インセンティブ制度あり！頑張りをしっかり還元 ・営業インセンティブあり（実績に応じて随時支給） 骨を折るような仕事もありますが、その努力を社員に還元していくことを重視しています。薄利多売ではなく、一人ひとりのお客様と濃い関係を築き、社員へボーナスや働きやすい環境として返していく。これが当社の姿勢です。 ＼裁量大×高インセンティブ／住宅ローンの提案営業｜年収1000万円以上可｜成果は青天井｜賞与年3回,正社員,,・インセンティブ制度あり！頑張りをしっかり還元 ・営業インセンティブあり（実績に応じて随時支給） 骨を折るような仕事もありますが、その努力を社員に還元していくことを重視しています。薄利多売ではなく、一人ひとりのお客様と濃い関係を築き、社員へボーナスや働きやすい環境として返していく。これが当社の姿勢です。 ＼裁量大×高インセンティブ／住宅ローンの提案営業｜年収1000万円以上可｜成果は青天井｜賞与年3回,nan,不明,不明,上限なし,,,不明,未経験可,,,,ハイブリッド,,https://en-gage.net/user/search/desc/14765753/,2026-07-01,phase3_engage,engage
株式会社では、介護事業所向け業務支援システムやヘルパーと事業所のマッチングプラットフォーム開発など、様々な事業を立ち上げてきました。,では、介護事業所向け業務支援システムやヘルパーと事業所のマッチングプラットフォーム開発など、様々な事業を立ち上げてきました。,・想定年収：502万～600万＋インセンティブ報酬 ※1）インセンティブ制度あり（個人の成果に応じて、毎月支給） ＼裁量大×高インセンティブ／住宅ローンの提案営業｜年収1000万円以上可｜成果は青天井｜賞与年3回,正社員,,・想定年収：502万～600万＋インセンティブ報酬 ※1）インセンティブ制度あり（個人の成果に応じて、毎月支給） ＼裁量大×高インセンティブ／住宅ローンの提案営業｜年収1000万円以上可｜成果は青天井｜賞与年3回,nan,不明,不明,上限なし,,,不明,,,,,ハイブリッド,,https://en-gage.net/user/search/desc/8983222/,2026-07-01,phase3_engage,engage
株式会社Crestix,crestix,成果に応じてインセンティブとして しっかり還元される環境です。 インセンティブの平均支給額は月30万円。 ※ 成果に応じてインセンティブを支給。 ※ インセンティブ平均支給額は月30万円。 ◇インセンティブ制度あり ＼裁量大×高インセンティブ／住宅ローンの提案営業｜年収1000万円以上可｜成果は青天井｜賞与年3回,正社員,300000,成果に応じてインセンティブとして しっかり還元される環境です。 インセンティブの平均支給額は月30万円。 ※ 成果に応じてインセンティブを支給。 ※ インセンティブ平均支給額は月30万円。 ◇インセンティブ制度あり ＼裁量大×高インセンティブ／住宅ローンの提案営業｜年収1000万円以上可｜成果は青天井｜賞与年3回,nan,不明,不明,上限なし,4800000,6000000,不明,未経験可,,,,ハイブリッド,,https://en-gage.net/user/search/desc/17243890/,2026-07-01,phase3_engage,engage
株式会社富士ハウジング,富士ハウジング,求人TOP 求人検索 神奈川県の求人 藤沢市の求人 【100％反響営業／賃貸仲介営業】インセンティブあり｜完全週休2日制 求人TOP 求人検索 株式会社富士ハウジング 【100％反響営業／賃貸仲介営業】インセンティブあり｜完全週休2日制 【100％反響営業／賃貸仲介営業】インセンティブあり｜完全週休2日制 「休みが多く安定した会社で働きたい」「歩合があるところで稼ぎたい」といった転職動機をお聞きすることが多いです。 「前職では歩合率が低く、どれだけ成約をあげてもなかなか給与が上がらなかった。頑張りを適切に評価してもらえる環境で働きたい」,正社員,,求人TOP 求人検索 神奈川県の求人 藤沢市の求人 【100％反響営業／賃貸仲介営業】インセンティブあり｜完全週休2日制 求人TOP 求人検索 株式会社富士ハウジング 【100％反響営業／賃貸仲介営業】インセンティブあり｜完全週休2日制 【100％反響営業／賃貸仲介営業】インセンティブあり｜完全週休2日制 「休みが多く安定した会社で働きたい」「歩合があるところで稼ぎたい」といった転職動機をお聞きすることが多いです。 「前職では歩合率が低く、どれだけ成約をあげてもなかなか給与が上がらなかった。頑張りを適切に評価してもらえる環境で働きたい」,nan,不明,フロー型,不明,,,不明,未経験可,,,,不明,,https://en-gage.net/user/search/desc/14003204/,2026-07-01,phase3_engage,engage
株式会社イヴレス,イヴレス,❖ インセンティブで収入UP！ ◇ インセンティブあり ◇ 報奨金制度（営業職インセンティブ）,正社員,350000,❖ インセンティブで収入UP！ ◇ インセンティブあり ◇ 報奨金制度（営業職インセンティブ）,nan,不明,不明,不明,,,不明,未経験可,,,,不明,,https://en-gage.net/user/search/desc/17307835/,2026-07-01,phase3_engage,engage
合同会社シストリー,シストリー,・売上・粗利目標の達成に向けた営業活動,正社員,,・売上・粗利目標の達成に向けた営業活動,nan,粗利,不明,不明,,,不明,未経験可,,,,フルリモート,,https://en-gage.net/user/search/desc/14845297/,2026-07-01,phase3_engage,engage
株式会社熊本店,熊本店,"歩合給1契約10,466円～19,437円 歩合給を計算し、保障月給を超えた場合に歩合給を支給 未経験歓迎｜住宅リフォーム営業｜月給２０万円～＋歩合 【熊本市東区】　外装リフォーム営業★賞与年3回＆効率インセンティブ！年間休日108日",正社員,191688,"歩合給1契約10,466円～19,437円 歩合給を計算し、保障月給を超えた場合に歩合給を支給 未経験歓迎｜住宅リフォーム営業｜月給２０万円～＋歩合 【熊本市東区】　外装リフォーム営業★賞与年3回＆効率インセンティブ！年間休日108日",nan,不明,不明,不明,,,不明,未経験可,,,,不明,,https://en-gage.net/user/search/desc/7311146/,2026-07-01,phase3_engage,engage
株式会社アクセスブリッジ,アクセスブリッジ,オープニングスタッフ／高いインセンティブ報酬で稼げる！固定月収40万円以上！不用品買取の営業スタッフ,正社員,,オープニングスタッフ／高いインセンティブ報酬で稼げる！固定月収40万円以上！不用品買取の営業スタッフ,nan,不明,不明,不明,,,不明,未経験可,,,,不明,,https://en-gage.net/user/search/desc/3613204/,2026-07-01,phase3_engage,engage
株式会社オール,オール,【増収増益中】賞与年2回＋決算賞与でしっかり還元 月給23万円～30万円+インセンティブ+各種手当+賞与年2回+決算賞与 安定した固定給に、営業成績を反映したインセンティブを支給。 ちなみに月のインセンティブが100万円に達した先輩も多数！ 〇インセンティブ 自分が努力したことが評価されて、還元されるのはやっぱり嬉しいです。 産休前も歩合をたくさんいただいていたので、産休育休手当も充分にあり、子どもたちとゆったり過ごす毎日も最高でした。 自分が努力したことが評価されて、還元されるのはやっぱり嬉しいです。 産休前も歩合をたくさんいただいていたので、産休育休手当も充分にあり、子どもたちとゆったり過,正社員,,【増収増益中】賞与年2回＋決算賞与でしっかり還元 月給23万円～30万円+インセンティブ+各種手当+賞与年2回+決算賞与 安定した固定給に、営業成績を反映したインセンティブを支給。 ちなみに月のインセンティブが100万円に達した先輩も多数！ 〇インセンティブ 自分が努力したことが評価されて、還元されるのはやっぱり嬉しいです。 産休前も歩合をたくさんいただいていたので、産休育休手当も充分にあり、子どもたちとゆったり過ごす毎日も最高でした。 自分が努力したことが評価されて、還元されるのはやっぱり嬉しいです。 産休前も歩合をたくさんいただいていたので、産休育休手当も充分にあり、子どもたちとゆったり過ごす毎日も最高でした。 自分が努力したことが評価されて、還元されるのはやっぱり嬉しいです。 産休前も歩合をたくさんいただいていたので、産休育休手当も充分にあり、子どもたちとゆったり過ごす毎日も最高でした。,nan,不明,不明,不明,,,不明,未経験可,,,,不明,,https://en-gage.net/user/search/desc/11144648/,2026-07-01,phase3_engage,engage
株式会社アスペクト,アスペクト,＼裁量大×高インセンティブ／住宅ローンの提案営業｜年収1000万円以上可｜成果は青天井｜賞与年3回,正社員,,＼裁量大×高インセンティブ／住宅ローンの提案営業｜年収1000万円以上可｜成果は青天井｜賞与年3回,nan,不明,不明,上限なし,4000000,270000,不明,未経験可,,,,不明,,https://en-gage.net/user/search/desc/301744/,2026-07-01,phase3_engage,engage
株式会社グローバルキャスト,グローバルキャスト,＼裁量大×高インセンティブ／住宅ローンの提案営業｜年収1000万円以上可｜成果は青天井｜賞与年3回,正社員,,＼裁量大×高インセンティブ／住宅ローンの提案営業｜年収1000万円以上可｜成果は青天井｜賞与年3回,nan,不明,不明,上限なし,4000000,270000,不明,未経験可,,,,不明,,https://en-gage.net/user/search/desc/8958991/,2026-07-01,phase3_engage,engage
株式会社インタースペース,インタースペース,求人TOP 求人検索 東京都の求人 新宿区の求人 【業界未経験/第二新卒歓迎】未経験から広告業界へ！成果報酬型Web広告サービスの新規開拓営業 求人TOP 求人検索 株式会社インタースペース 【業界未経験/第二新卒歓迎】未経験から広告業界へ！成果報酬型Web広告サービスの新規開拓営業 【業界未経験/第二新卒歓迎】未経験から広告業界へ！成果報酬型Web広告サービスの新規開拓営業 自社成果報酬型広告サービス「アクセストレード」の新規顧客開拓を担うコアメンバーとしてご活躍いただきます。 アクセストレードは、広告掲載メディア様を訪問したユーザーが、会員登録や商品購入など、広告主様が設定した条件を満たし,正社員,,求人TOP 求人検索 東京都の求人 新宿区の求人 【業界未経験/第二新卒歓迎】未経験から広告業界へ！成果報酬型Web広告サービスの新規開拓営業 求人TOP 求人検索 株式会社インタースペース 【業界未経験/第二新卒歓迎】未経験から広告業界へ！成果報酬型Web広告サービスの新規開拓営業 【業界未経験/第二新卒歓迎】未経験から広告業界へ！成果報酬型Web広告サービスの新規開拓営業 自社成果報酬型広告サービス「アクセストレード」の新規顧客開拓を担うコアメンバーとしてご活躍いただきます。 アクセストレードは、広告掲載メディア様を訪問したユーザーが、会員登録や商品購入など、広告主様が設定した条件を満たしたときに広告費が発生する成果報酬型Web広告サービスです。,nan,不明,不明,不明,,,不明,未経験可,,,,ハイブリッド,,https://en-gage.net/user/search/desc/9728830/,2026-07-01,phase3_engage,engage
株式会社カイショー,カイショー,〇想定月収：固定24万円＋インセンティブ（実績に応じて）＋残業代（別途100％支給）＋交通費（規定あり） ※賞与（年２回）、残業手当、他諸手当、営業インセンティブ　等を含む 〇インセンティブ,正社員,,〇想定月収：固定24万円＋インセンティブ（実績に応じて）＋残業代（別途100％支給）＋交通費（規定あり） ※賞与（年２回）、残業手当、他諸手当、営業インセンティブ　等を含む 〇インセンティブ,nan,不明,不明,不明,,,不明,未経験可,,,,不明,,https://en-gage.net/user/search/desc/15735019/,2026-07-01,phase3_engage,engage
株式会社の,の,＼月35万円～／大手Grで生命保険の事務や営業＊固定給＋インセンティブ♪,正社員,,＼月35万円～／大手Grで生命保険の事務や営業＊固定給＋インセンティブ♪,nan,不明,不明,不明,,,不明,未経験可,,,,ハイブリッド,,https://en-gage.net/user/search/desc/5357444/,2026-07-01,phase3_engage,engage
株式会社EMI,emi,＼裁量大×高インセンティブ／住宅ローンの提案営業｜年収1000万円以上可｜成果は青天井｜賞与年3回,正社員,,＼裁量大×高インセンティブ／住宅ローンの提案営業｜年収1000万円以上可｜成果は青天井｜賞与年3回,nan,不明,不明,上限なし,,,不明,未経験可,,,,不明,,https://en-gage.net/user/search/desc/5283911/,2026-07-01,phase3_engage,engage
株式会社ナレルグループ,ナレルグループ,求人TOP 求人検索 東京都の求人 千代田区の求人 【ナレルグループ｜新規上場】法人営業/インセンティブ制度/未経験歓迎/年間休日120日/土日祝休み 求人TOP 求人検索 株式会社ナレルグループ 【ナレルグループ｜新規上場】法人営業/インセンティブ制度/未経験歓迎/年間休日120日/土日祝休み 【ナレルグループ｜新規上場】法人営業/インセンティブ制度/未経験歓迎/年間休日120日/土日祝休み 営業実績は社内で認められる１つの要素にもなり、インセンティブとして目に見える評価で返ってきます。 インセンティブも充実しているので、成果が給与で還元されるやりがいある仕事です。,正社員,,求人TOP 求人検索 東京都の求人 千代田区の求人 【ナレルグループ｜新規上場】法人営業/インセンティブ制度/未経験歓迎/年間休日120日/土日祝休み 求人TOP 求人検索 株式会社ナレルグループ 【ナレルグループ｜新規上場】法人営業/インセンティブ制度/未経験歓迎/年間休日120日/土日祝休み 【ナレルグループ｜新規上場】法人営業/インセンティブ制度/未経験歓迎/年間休日120日/土日祝休み 営業実績は社内で認められる１つの要素にもなり、インセンティブとして目に見える評価で返ってきます。 インセンティブも充実しているので、成果が給与で還元されるやりがいある仕事です。,nan,不明,不明,不明,,,不明,未経験可,,,,ハイブリッド,,https://en-gage.net/user/search/desc/5590819/,2026-07-01,phase3_engage,engage
株式会社ハウシーク,ハウシーク,求人TOP 求人検索 愛知県の求人 名古屋市の求人 港区の求人 不動産仲介営業／100％反響営業！受託力重視◎インセンティブ充実◎＜売却査定に強い不動産仲介営業＞ 求人TOP 求人検索 株式会社ハウシーク 不動産仲介営業／100％反響営業！受託力重視◎インセンティブ充実◎＜売却査定に強い不動産仲介営業＞ 不動産仲介営業／100％反響営業！受託力重視◎インセンティブ充実◎＜売却査定に強い不動産仲介営業＞ 不動産仲介営業／100％反響営業！受託力重視◎インセンティブ充実◎＜売却査定に強い不動産仲介営業＞ ⭐月間平均インセンティブ【31.5万円】 ※月間平均インセンティブは 粗利の16.5％～22％,正社員,,求人TOP 求人検索 愛知県の求人 名古屋市の求人 港区の求人 不動産仲介営業／100％反響営業！受託力重視◎インセンティブ充実◎＜売却査定に強い不動産仲介営業＞ 求人TOP 求人検索 株式会社ハウシーク 不動産仲介営業／100％反響営業！受託力重視◎インセンティブ充実◎＜売却査定に強い不動産仲介営業＞ 不動産仲介営業／100％反響営業！受託力重視◎インセンティブ充実◎＜売却査定に強い不動産仲介営業＞ 不動産仲介営業／100％反響営業！受託力重視◎インセンティブ充実◎＜売却査定に強い不動産仲介営業＞ ⭐月間平均インセンティブ【31.5万円】 ※月間平均インセンティブは 粗利の16.5％～22％から インセンティブとして還元されます。 ・インセンティブ支給 評価基準は明確です。媒介取得件数・専任率・成約率・粗利額これらをもとに評価され、査定力や提案力が収入へ直結します。,nan,粗利,フロー型,不明,,,不明,未経験可,,,,不明,,https://en-gage.net/user/search/desc/16482969/,2026-07-01,phase3_engage,engage
株式会社ニトエル,ニトエル,求人TOP 求人検索 愛媛県の求人 松山市の求人 企業の＼困った／を解決するコンサルティングセールス✨【努力を見逃さない】インセンティブ制度｜提案営業 求人TOP 求人検索 株式会社ニトエル 企業の＼困った／を解決するコンサルティングセールス✨【努力を見逃さない】インセンティブ制度｜提案営業 企業の＼困った／を解決するコンサルティングセールス✨【努力を見逃さない】インセンティブ制度｜提案営業 ※スタート給与27万円＋賞与年2回＋インセンティブ 入社1ヶ月目からインセンティブを獲得する社員も多く、 ※インセンティブは成果・役割に応じて支給,正社員,,求人TOP 求人検索 愛媛県の求人 松山市の求人 企業の＼困った／を解決するコンサルティングセールス✨【努力を見逃さない】インセンティブ制度｜提案営業 求人TOP 求人検索 株式会社ニトエル 企業の＼困った／を解決するコンサルティングセールス✨【努力を見逃さない】インセンティブ制度｜提案営業 企業の＼困った／を解決するコンサルティングセールス✨【努力を見逃さない】インセンティブ制度｜提案営業 ※スタート給与27万円＋賞与年2回＋インセンティブ 入社1ヶ月目からインセンティブを獲得する社員も多く、 ※インセンティブは成果・役割に応じて支給,nan,不明,不明,不明,,,不明,未経験可,,,,不明,,https://en-gage.net/user/search/desc/15963203/,2026-07-01,phase3_engage,engage
株式会社の,の,＼裁量大×高インセンティブ／住宅ローンの提案営業｜年収1000万円以上可｜成果は青天井｜賞与年3回,正社員,,＼裁量大×高インセンティブ／住宅ローンの提案営業｜年収1000万円以上可｜成果は青天井｜賞与年3回,nan,不明,不明,上限なし,,,不明,,,,,不明,,https://en-gage.net/user/search/desc/9002746/,2026-07-01,phase3_engage,engage
株式会社林寺メディノール,林寺メディノール,【未経験歓迎】提案営業｜月収50万円以上可｜インセンティブあり｜20代活躍中,正社員,,【未経験歓迎】提案営業｜月収50万円以上可｜インセンティブあり｜20代活躍中,nan,不明,不明,不明,,,不明,未経験可,,,,不明,,https://en-gage.net/user/search/desc/12242671/,2026-07-01,phase3_engage,engage
有限会社東北物産,東北物産,☆成約粗利に対するインセンティブ制度あり（営業成果をしっかり評価） ・粗利額の５％をインセンティブとしてお支払します。 オープニングスタッフ／高いインセンティブ報酬で稼げる！固定月収40万円以上！不用品買取の営業スタッフ,正社員,,☆成約粗利に対するインセンティブ制度あり（営業成果をしっかり評価） ・粗利額の５％をインセンティブとしてお支払します。 オープニングスタッフ／高いインセンティブ報酬で稼げる！固定月収40万円以上！不用品買取の営業スタッフ,5.0,粗利,フロー型,不明,,,なし,未経験可,,,,不明,,https://en-gage.net/user/search/desc/13625986/,2026-07-01,phase3_engage,engage
有限会社モールドモデル,モールドモデル,賃貸営業(未経験者8割)◆20～30代活躍中！／100%反響営業／完全週休2日制／インセンティブ有,正社員,,賃貸営業(未経験者8割)◆20～30代活躍中！／100%反響営業／完全週休2日制／インセンティブ有,nan,不明,不明,不明,,,不明,未経験可,,,,不明,,https://en-gage.net/user/search/desc/5139220/,2026-07-01,phase3_engage,engage
株式会社アンドディファレンス,アンドディファレンス,＼裁量大×高インセンティブ／住宅ローンの提案営業｜年収1000万円以上可｜成果は青天井｜賞与年3回,正社員,,＼裁量大×高インセンティブ／住宅ローンの提案営業｜年収1000万円以上可｜成果は青天井｜賞与年3回,nan,不明,不明,上限なし,4000000,270000,不明,未経験可,,,,不明,,https://en-gage.net/user/search/desc/8373676/,2026-07-01,phase3_engage,engage
株式会社TryAgain,tryagain,求人TOP 求人検索 滋賀県の求人 大津市の求人 営業スタッフ（インセンティブあり） 求人TOP 求人検索 株式会社TryAgain 営業スタッフ（インセンティブあり） 営業スタッフ（インセンティブあり） ※頑張りに合わせてインセンティブ有,正社員,,求人TOP 求人検索 滋賀県の求人 大津市の求人 営業スタッフ（インセンティブあり） 求人TOP 求人検索 株式会社TryAgain 営業スタッフ（インセンティブあり） 営業スタッフ（インセンティブあり） ※頑張りに合わせてインセンティブ有,nan,不明,不明,不明,,,不明,未経験可,,,,不明,,https://en-gage.net/user/search/desc/11676540/,2026-07-01,phase3_engage,engage
株式会社デンカシンキ,デンカシンキ,求人TOP 求人検索 愛媛県の求人 松山市の求人 ☆PR営業スタッフ/◎女性社員が多数活躍しています/未経験者OK/インセンティブ充実/完全週休二日制 求人TOP 求人検索 株式会社デンカシンキ ☆PR営業スタッフ/◎女性社員が多数活躍しています/未経験者OK/インセンティブ充実/完全週休二日制 ☆PR営業スタッフ/◎女性社員が多数活躍しています/未経験者OK/インセンティブ充実/完全週休二日制,正社員,,求人TOP 求人検索 愛媛県の求人 松山市の求人 ☆PR営業スタッフ/◎女性社員が多数活躍しています/未経験者OK/インセンティブ充実/完全週休二日制 求人TOP 求人検索 株式会社デンカシンキ ☆PR営業スタッフ/◎女性社員が多数活躍しています/未経験者OK/インセンティブ充実/完全週休二日制 ☆PR営業スタッフ/◎女性社員が多数活躍しています/未経験者OK/インセンティブ充実/完全週休二日制,nan,不明,不明,不明,,,不明,未経験可,,,,不明,,https://en-gage.net/user/search/desc/3764793/,2026-07-01,phase3_engage,engage
株式会社ＮＮＡ,ｎｎａ,求人TOP 求人検索 東京都の求人 中央区の求人 ★ITコンサルティング営業（DX支援）/年間休日128日★インセンティブ年4回 求人TOP 求人検索 日本総合技術 ★ITコンサルティング営業（DX支援）/年間休日128日★インセンティブ年4回 ★ITコンサルティング営業（DX支援）/年間休日128日★インセンティブ年4回 ◇インセンティブ年4回あり,正社員,,求人TOP 求人検索 東京都の求人 中央区の求人 ★ITコンサルティング営業（DX支援）/年間休日128日★インセンティブ年4回 求人TOP 求人検索 日本総合技術 ★ITコンサルティング営業（DX支援）/年間休日128日★インセンティブ年4回 ★ITコンサルティング営業（DX支援）/年間休日128日★インセンティブ年4回 ◇インセンティブ年4回あり,nan,不明,不明,不明,,,不明,未経験可,,,,不明,,https://en-gage.net/user/search/desc/10787945/,2026-07-01,phase3_engage,engage
株式会社Qvou,qvou,＼裁量大×高インセンティブ／住宅ローンの提案営業｜年収1000万円以上可｜成果は青天井｜賞与年3回,正社員,,＼裁量大×高インセンティブ／住宅ローンの提案営業｜年収1000万円以上可｜成果は青天井｜賞与年3回,nan,不明,不明,上限なし,,,不明,未経験可,,,,ハイブリッド,,https://en-gage.net/user/search/desc/16820487/,2026-07-01,phase3_engage,engage
株式会社の採用・求人情報,の採用求人情報,未経験歓迎｜住宅リフォーム営業｜月給２０万円～＋歩合,正社員,,未経験歓迎｜住宅リフォーム営業｜月給２０万円～＋歩合,nan,不明,不明,不明,,,なし,未経験可,,,,ハイブリッド,,https://en-gage.net/user/search/desc/3357168/,2026-07-01,phase3_engage,engage
株式会社レイズリンクス,レイズリンクス,アポイント取得で歩合給を支給！ さらに！！！契約になればさらに歩合給を支給します。 【人柄重視の採用】営業スタッフ（チーム営業）目指せ高収入。成果報酬としてインセンティブ支給もあり！,正社員,,アポイント取得で歩合給を支給！ さらに！！！契約になればさらに歩合給を支給します。 【人柄重視の採用】営業スタッフ（チーム営業）目指せ高収入。成果報酬としてインセンティブ支給もあり！,nan,不明,不明,不明,,,不明,未経験可,,,,ハイブリッド,,https://en-gage.net/user/search/desc/10277760/,2026-07-01,phase3_engage,engage
株式会社ジェリービーンズグループ,ジェリービーンズグループ,（例：売上目標達成、粗利改善、案件獲得数、既存深耕など数値で語れる実績） ＼裁量大×高インセンティブ／住宅ローンの提案営業｜年収1000万円以上可｜成果は青天井｜賞与年3回,正社員,,（例：売上目標達成、粗利改善、案件獲得数、既存深耕など数値で語れる実績） ＼裁量大×高インセンティブ／住宅ローンの提案営業｜年収1000万円以上可｜成果は青天井｜賞与年3回,nan,粗利,不明,上限なし,,,不明,未経験可,,,,ハイブリッド,,https://en-gage.net/user/search/desc/16999449/,2026-07-01,phase3_engage,engage
株式会社陽幸,陽幸,💰インセンティブあり！ 大きな広告費や無駄なコストを抑え、その分を営業にしっかり還元しています。 ※上記に加えて、販売件数に応じたインセンティブがつきます。 ✨未経験OK✨リフォームアドバイザー★完全週休2日制／インセンティブ充実／独身寮あり／賞与年4回,正社員,,💰インセンティブあり！ 大きな広告費や無駄なコストを抑え、その分を営業にしっかり還元しています。 ※上記に加えて、販売件数に応じたインセンティブがつきます。 ✨未経験OK✨リフォームアドバイザー★完全週休2日制／インセンティブ充実／独身寮あり／賞与年4回,nan,不明,不明,不明,,,不明,未経験可,,,,不明,,https://en-gage.net/user/search/desc/16774673/,2026-07-01,phase3_engage,engage
株式会社の,の,＼裁量大×高インセンティブ／住宅ローンの提案営業｜年収1000万円以上可｜成果は青天井｜賞与年3回,正社員,,＼裁量大×高インセンティブ／住宅ローンの提案営業｜年収1000万円以上可｜成果は青天井｜賞与年3回,nan,不明,不明,上限なし,,,不明,,,,,不明,,https://en-gage.net/user/search/desc/1559861/,2026-07-01,phase3_engage,engage
株式会社エトワール,エトワール,営業実績によりインセンティブ付与あり,正社員,,営業実績によりインセンティブ付与あり,nan,不明,不明,不明,,,不明,未経験可,,,,不明,,https://en-gage.net/user/search/desc/12510249/,2026-07-01,phase3_engage,engage
株式会社Qvou,qvou,＼裁量大×高インセンティブ／住宅ローンの提案営業｜年収1000万円以上可｜成果は青天井｜賞与年3回,正社員,,＼裁量大×高インセンティブ／住宅ローンの提案営業｜年収1000万円以上可｜成果は青天井｜賞与年3回,nan,不明,不明,上限なし,,,不明,未経験可,,,,ハイブリッド,,https://en-gage.net/user/search/desc/16238579/,2026-07-01,phase3_engage,engage
株式会社BIG,big,◆◇買取スタッフ募集◇◆インセンティブあり！業種・営業未経験大歓迎！！！,正社員,,◆◇買取スタッフ募集◇◆インセンティブあり！業種・営業未経験大歓迎！！！,nan,不明,不明,不明,,,不明,未経験可,,,,不明,,https://en-gage.net/user/search/desc/1776578/,2026-07-01,phase3_engage,engage
株式会社テレ・マーカー,テレマーカー,"成果を出すほどインセンティブが増えるため、やりがいを感じながら働けます。 ◎自分の頑張りをしっかり評価・還元されたい ●年収412万円／入社2年目／営業（月給22万円＋インセンティブ） ●年収555万円／入社3年目／営業（月給23万円＋インセンティブ） ●年収851万円／入社5年目／営業（月給40万円＋インセンティブ） 月給280,000円＋インセンティブ（※想定年収：3,360,000円～） 月給 210,000円＋インセンティブ ■インセンティブ 入社2年目の社員の年間平均インセンティブ金額：¥2,534,234 ＜豊富なインセンティブ制度＞ ・四半期歩合制度：年4回 (平均支給実績36万",正社員,280000,"成果を出すほどインセンティブが増えるため、やりがいを感じながら働けます。 ◎自分の頑張りをしっかり評価・還元されたい ●年収412万円／入社2年目／営業（月給22万円＋インセンティブ） ●年収555万円／入社3年目／営業（月給23万円＋インセンティブ） ●年収851万円／入社5年目／営業（月給40万円＋インセンティブ） 月給280,000円＋インセンティブ（※想定年収：3,360,000円～） 月給 210,000円＋インセンティブ ■インセンティブ 入社2年目の社員の年間平均インセンティブ金額：¥2,534,234 ＜豊富なインセンティブ制度＞ ・四半期歩合制度：年4回 (平均支給実績36万円） ・商材別インセンティブ：開催時 (成約商材ごとに最大5万円) 【未経験歓迎】提案営業｜月収50万円以上可｜インセンティブあり｜20代活躍中",nan,不明,フロー型,不明,,,不明,未経験可,,,,不明,,https://en-gage.net/user/search/desc/16664467/,2026-07-01,phase3_engage,engage
株式会社日本マイクロニクス,日本マイクロニクス,＼月35万円～／大手Grで生命保険の事務や営業＊固定給＋インセンティブ♪,正社員,,＼月35万円～／大手Grで生命保険の事務や営業＊固定給＋インセンティブ♪,nan,不明,不明,不明,,,不明,未経験可,,,,ハイブリッド,,https://en-gage.net/user/search/desc/16430796/,2026-07-01,phase3_engage,engage
株式会社IVRESS,ivress,■報奨金（営業職インセンティブ）,正社員,,■報奨金（営業職インセンティブ）,nan,不明,不明,不明,,,不明,未経験可,,,,不明,,https://en-gage.net/user/search/desc/8271820/,2026-07-01,phase3_engage,engage
株式会社の,の,求人TOP 求人検索 東京都の求人 中央区の求人 【ソリューション営業】明確な評価テーブルで成果の分インセンティブ支給！市場価値を高めて稼げる人材へ 求人TOP 求人検索 データアナリティクスラボ株式会社 【ソリューション営業】明確な評価テーブルで成果の分インセンティブ支給！市場価値を高めて稼げる人材へ 【ソリューション営業】明確な評価テーブルで成果の分インセンティブ支給！市場価値を高めて稼げる人材へ ◇インセンティブ制度 成果に見合った高収入を手にしたい！明確なテーブルで成果がインセンティブとして支給される環境！,正社員,,求人TOP 求人検索 東京都の求人 中央区の求人 【ソリューション営業】明確な評価テーブルで成果の分インセンティブ支給！市場価値を高めて稼げる人材へ 求人TOP 求人検索 データアナリティクスラボ株式会社 【ソリューション営業】明確な評価テーブルで成果の分インセンティブ支給！市場価値を高めて稼げる人材へ 【ソリューション営業】明確な評価テーブルで成果の分インセンティブ支給！市場価値を高めて稼げる人材へ ◇インセンティブ制度 成果に見合った高収入を手にしたい！明確なテーブルで成果がインセンティブとして支給される環境！,nan,不明,フロー型,不明,,,不明,未経験可,,,,不明,,https://en-gage.net/user/search/desc/12518549/,2026-07-01,phase3_engage,engage
株式会社Qvou,qvou,＼裁量大×高インセンティブ／住宅ローンの提案営業｜年収1000万円以上可｜成果は青天井｜賞与年3回,正社員,,＼裁量大×高インセンティブ／住宅ローンの提案営業｜年収1000万円以上可｜成果は青天井｜賞与年3回,nan,不明,不明,上限なし,,,不明,未経験可,,,,ハイブリッド,,https://en-gage.net/user/search/desc/16820458/,2026-07-01,phase3_engage,engage
株式会社デスクスタイル,デスクスタイル,1契約につきインセンティブ別途支給（1.3万円～5.0万円） 【人柄重視の採用】営業スタッフ（チーム営業）目指せ高収入。成果報酬としてインセンティブ支給もあり！,正社員,,1契約につきインセンティブ別途支給（1.3万円～5.0万円） 【人柄重視の採用】営業スタッフ（チーム営業）目指せ高収入。成果報酬としてインセンティブ支給もあり！,nan,不明,フロー型,不明,,,不明,未経験可,,,,ハイブリッド,,https://en-gage.net/user/search/desc/17226460/,2026-07-01,phase3_engage,engage
株式会社ジャンボ,ジャンボ,裁量のある環境で、デザインもマーケティングも。自社アプリの成長を牽引！ - 株式会社ジャンボのWebマーケティングの採用 - Wantedly,業務委託,nan,サービスを成長させ、利益を生み出し、その成果をメンバーにしっかり還元する。 少数精鋭で一人一人が事業成長に貢献する分、メンバーにしっかり還元します！ 成果主義の環境で、最短ルートで昇格できる！SNSディレクター募集,nan,不明,不明,不明,nan,nan,不明,,nan,nan,愛知県,不明,,https://www.wantedly.com/projects/2230351,2026-07-03,phase4a_wantedly,wantedly
株式会社nori・nori,norinori,株式会社nori・noriの会社情報 - Wantedly,,nan,悩みや課題は隠すものではなく、今より良くなるためのヒントです。だからこそ早めに吐き出し、チームで一緒に考える。嬉しいことや成果はみんなで共有し、次の挑戦につなげます。 会社が成長したときは、その成果をメンバーにも還元します。報酬や評価の仕組みも、成長に合わせて整えていきます。 私たちの行動指針は「まず仮説を立てて動く」です。正解がないスタートアップだからこそ、挑戦の数だけ学びがあります。うまくいかなかった経験も、次の打ち手を見つける貴重なデータです。試して、振り返り、改善する。その積み重ねが成果につながると考えています。,nan,不明,不明,不明,nan,nan,不明,,nan,nan,神奈川県,不明,,https://www.wantedly.com/companies/nori_nori_bus,2026-07-03,phase4a_wantedly,wantedly
株式会社Recruit,recruit,Misfits株式会社の会社情報 - Wantedly,,nan,努力を重ねれば、6ヶ月という短い期間で競合他社を圧倒するレベルの成果を出し続ける一流のWebマーケターへと成長することが十分に可能です。 段階ごとのインセンティブあり・副業 段階ごとのインセンティブあり・副業,nan,不明,不明,不明,nan,nan,不明,,nan,nan,東京都,不明,,https://www.wantedly.com/companies/company_4963498,2026-07-03,phase4a_wantedly,wantedly
